exam,branch_raw,branch_clean,n_rows,n_colleges,status,existing_branch_id,suggested_primary_branch,note
AP-EAPCET,CAD,CSE (Artificial Intelligence & Data Science),453,21,NEW,,Artificial Intelligence / Machine Learning / Data Science,expanded from EAPCET code CAD (official course list)
AP-EAPCET,CSM,CSE (Artificial Intelligence And Machine Learning),2656,125,NEW,,Artificial Intelligence / Machine Learning / Data Science,expanded from EAPCET code CSM (official course list)
AP-EAPCET,CIC,CSE (IoT & Cyber Security With Block Chain Tech),328,14,NEW,,Cyber Security,expanded from EAPCET code CIC (official course list)
AP-EAPCET,CBC,CSE - Block Chain,34,1,NEW,,Cyber Security,expanded from EAPCET code CBC (official course list)
AP-EAPCET,CDA,CSE - Data Analytics,36,1,NEW,,Artificial Intelligence / Machine Learning / Data Science,expanded from EAPCET code CDA (official course list)
AP-EAPCET,CSED,CSE - Devops,29,1,NEW,,Computer Science and Engineering,expanded from EAPCET code CSED (official course list)
AP-EAPCET,CCC,CSE With Specialisation In Cloud Computing,83,3,NEW,,Computer Science and Engineering,expanded from EAPCET code CCC (official course list)
AP-EAPCET,CIA,CSE With Spl In IoT & Automation,20,1,NEW,,Computer Science and Engineering,expanded from EAPCET code CIA (official course list)
AP-EAPCET,CAI,Comp. Sci. And Engg.. (Artificial Intelligence),1042,52,NEW,,Artificial Intelligence / Machine Learning / Data Science,expanded from EAPCET code CAI (official course list)
AP-EAPCET,CN,Computer Networking,34,1,NEW,,Computer Science and Engineering,expanded from EAPCET code CN (official course list)
AP-EAPCET,CSBS,Computer Science And Biosciences,36,1,NEW,,Computer Science and Engineering,expanded from EAPCET code CSBS (official course list)
AP-EAPCET,CSEB,Computer Science And Engg. & Business Systems,20,1,NEW,,Computer Science and Engineering,expanded from EAPCET code CSEB (official course list)
AP-EAPCET,CSC,Computer Science And Engineering (Cyber Security),674,32,NEW,,Cyber Security,expanded from EAPCET code CSC (official course list)
AP-EAPCET,CSS,Computer Science And Systems Engineering,19,1,NEW,,Computer Science and Engineering,expanded from EAPCET code CSS (official course list)
AP-EAPCET,CBA,Computer Science Engineering (Big Data Analytics),18,1,NEW,,Artificial Intelligence / Machine Learning / Data Science,expanded from EAPCET code CBA (official course list)
AP-EAPCET,BDT,Dairy Technology,38,1,NEW,,Dairy Technology,expanded from EAPCET code BDT (official course list)
AP-EAPCET,DTD,Digital Techniques For Design And Planning,9,1,NEW,,Planning,expanded from EAPCET code DTD (official course list)
AP-EAPCET,ECE,Electronics And Communication Engineering,4218,213,NEW,,Electronics and Communication Engineering,expanded from EAPCET code ECE (official course list)
AP-EAPCET,EBM,Electronics And Communication Engineering (Bio Medical Engg.),4,1,NEW,,Electronics and Communication Engineering,expanded from EAPCET code EBM (official course list)
AP-EAPCET,EII,Electronics And Communication Engineering (Industry Integrated),56,2,NEW,,Electronics and Communication Engineering,expanded from EAPCET code EII (official course list)
AP-EAPCET,ECES,Electronics And Communication Engineering - Embedded Systems,36,1,NEW,,Electronics and Communication Engineering,expanded from EAPCET code ECES (official course list)
AP-EAPCET,ECV,Electronics And Communication Engineering - Vlsi Design,36,1,NEW,,Electronics and Communication Engineering,expanded from EAPCET code ECV (official course list)
AP-EAPCET,ECT,Electronics And Communication Technology,20,1,NEW,,Electronics and Communication Engineering,expanded from EAPCET code ECT (official course list)
AP-EAPCET,EIE,Electronics And Instrumentation Engineering,57,2,NEW,,Electronics Engineering,expanded from EAPCET code EIE (official course list)
AP-EAPCET,EVT,Electronics Engineering (Vlsi Design And Technology),74,4,NEW,,Electronics and Communication Engineering,expanded from EAPCET code EVT (official course list)
AP-EAPCET,GDT,Game Design Technology,18,1,NEW,,Design,expanded from EAPCET code GDT (official course list)
AP-EAPCET,GIN,Geo-Informatics,20,1,NEW,,Computer Science and Engineering,expanded from EAPCET code GIN (official course list)
AP-EAPCET,IST,Instrumentation Engineering And Technology,20,1,NEW,,Instrumentation Engineering,expanded from EAPCET code IST (official course list)
AP-EAPCET,MMM,Mechanical And Mechatronics Engineering (Additive Manufacturing),36,1,NEW,,Mechatronics,expanded from EAPCET code MMM (official course list)
AP-EAPCET,MAD,Mechanical Automotive Design,37,1,NEW,,Mechanical Engineering,expanded from EAPCET code MAD (official course list)
AP-EAPCET,MAU,Mechanical Engineering (Automobile),36,1,NEW,,Mechanical Engineering,expanded from EAPCET code MAU (official course list)
AP-EAPCET,MII,Mechanical Engineering (Industry Integrated),18,1,NEW,,Mechanical Engineering,expanded from EAPCET code MII (official course list)
AP-EAPCET,MRB,Mechanical Engineering (Robotics),56,2,NEW,,Mechanical Engineering,expanded from EAPCET code MRB (official course list)
AP-EAPCET,MET,Metallurgical Engineering,41,2,NEW,,Metallurgical and Materials Engineering,expanded from EAPCET code MET (official course list)
AP-EAPCET,NAM,Naval Architecture And Marine Engineering,22,1,NEW,,Architecture,expanded from EAPCET code NAM (official course list)
AP-EAPCET,PET,Petroleum Technology,36,1,NEW,,Chemical Engineering,expanded from EAPCET code PET (official course list)
AP-EAPCET,PHD,Pharm.D (Mpc Stream),243,15,NEW,,Pharmacy,expanded from EAPCET code PHD (official course list)
AP-EAPCET,PHM,Pharmacy (Mpc Stream),297,18,NEW,,Pharmacy,expanded from EAPCET code PHM (official course list)
AP-EAPCET,QC,Quantum Computing,20,1,NEW,,Artificial Intelligence / Machine Learning / Data Science,expanded from EAPCET code QC (official course list)
AP-EAPCET,SWE,Software Engineering,36,1,NEW,,Computer Science and Engineering,expanded from EAPCET code SWE (official course list)
AP-EAPCET,PLG,Town Planning,18,1,NEW,,Planning,expanded from EAPCET code PLG (official course list)
CLAT,B.A. LL.B. (Hons.),B.A. LL.B. (Hons.),328,26,NEW,,Law,
CLAT,B.B.A. LL.B. (Hons.),B.B.A. LL.B. (Hons.),90,8,NEW,,Law,
CLAT,B.Com. LL.B. (Hons.),B.Com. LL.B. (Hons.),15,1,NEW,,Law,
CLAT,B.Sc. LL.B. (Hons.) Criminology and Forensic Science,B.Sc. LL.B. (Hons.) Criminology and Forensic Science,10,1,NEW,,Law,
CLAT,B.Sc. LL.B. (Hons.) Cyber Security,B.Sc. LL.B. (Hons.) Cyber Security,11,1,NEW,,Cyber Security,
CollegeFees,AERO SPACE ENGINEERING,AERO SPACE ENGINEERING,34,3,NEW,,Aerospace Engineering,
CollegeFees,B TECH IN BIO- TECHNOLOGY,B TECH IN BIO- TECHNOLOGY,11,1,NEW,,Biotechnology,
CollegeFees,B TECH IN COMPUTER SCIENCE & ENGINEERING (ARTIFICAL INTELLIGENCE & MACHINE LEARNING),B TECH IN COMPUTER SCIENCE & ENGINEERING (ARTIFICAL INTELLIGENCE & MACHINE LEARNING),20,1,NEW,,Artificial Intelligence / Machine Learning / Data Science,
CollegeFees,B TECH IN COMPUTER SCIENCE AND ENGINEERING,B TECH IN COMPUTER SCIENCE AND ENGINEERING,22,1,NEW,,Computer Science and Engineering,
CollegeFees,B TECH IN ELECTRICAL & ELECTRONICS ENGINEERING,B TECH IN ELECTRICAL & ELECTRONICS ENGINEERING,12,1,NEW,,Electrical Engineering,
CollegeFees,B TECH IN ELECTRONICS & COMMUNICATIO N ENGINEERING,B TECH IN ELECTRONICS & COMMUNICATIO N ENGINEERING,20,1,NEW,,Electronics and Communication Engineering,
CollegeFees,B TECH IN MECHANICAL ENGINEERING,B TECH IN MECHANICAL ENGINEERING,9,1,NEW,,Mechanical Engineering,
CollegeFees,COMMUNICATIO N DESIGN,COMMUNICATIO N DESIGN,1,1,NEW,,Design,
CollegeFees,COMPUTER SCIENCE AND ENGG (ARTIFICIAL INTELLIGENCE),COMPUTER SCIENCE AND ENGG (ARTIFICIAL INTELLIGENCE),11,1,NEW,,Artificial Intelligence / Machine Learning / Data Science,
CollegeFees,COMPUTER SCIENCE AND ENGG(ARTIFICIA L INTELLIGENCE AND MACHINE LEARNING),COMPUTER SCIENCE AND ENGG(ARTIFICIA L INTELLIGENCE AND MACHINE LEARNING),101,10,NEW,,Artificial Intelligence / Machine Learning / Data Science,
CollegeFees,COMPUTER SCIENCE AND ENGG(INTERNE T OF THINGS & CYBER SECURITY INCLUDING BLOCK CHAIN TECH),COMPUTER SCIENCE AND ENGG(INTERNE T OF THINGS & CYBER SECURITY INCLUDING BLOCK CHAIN TECH),54,5,NEW,,Cyber Security,
CollegeFees,COMPUTER SCIENCE AND ENGINEERING (CYBER SECURITY),COMPUTER SCIENCE AND ENGINEERING (CYBER SECURITY),37,5,NEW,,Cyber Security,
CollegeFees,COMPUTER SCIENCE AND ENGINEERING(D ATA SCIENCE),COMPUTER SCIENCE AND ENGINEERING(D ATA SCIENCE),96,11,NEW,,Computer Science and Engineering,
CollegeFees,ELECTRICAL & ELECTRONICS ENGINEERING,ELECTRICAL & ELECTRONICS ENGINEERING,217,22,NEW,,Electrical Engineering,
CollegeFees,ELECTRONICS & COMPUTER ENGINEERING,ELECTRONICS & COMPUTER ENGINEERING,11,1,NEW,,Computer Science and Engineering,
CollegeFees,ELECTRONICS & INSTRUMENTATI ON ENGINEERING,ELECTRONICS & INSTRUMENTATI ON ENGINEERING,16,1,NEW,,Electronics Engineering,
CollegeFees,ELECTRONICS AND COMMUNICATIO N (ADVANCED COMMUNICATIO N TECHNOLOGY),ELECTRONICS AND COMMUNICATIO N (ADVANCED COMMUNICATIO N TECHNOLOGY),12,1,NEW,,Electronics and Communication Engineering,
CollegeFees,ELECTRONICS AND COMMUNICATIO N ENGG,ELECTRONICS AND COMMUNICATIO N ENGG,310,24,NEW,,Electronics and Communication Engineering,
CollegeFees,ELECTRONICS AND INSTRUMENTATI ON ENGINEERING,ELECTRONICS AND INSTRUMENTATI ON ENGINEERING,51,4,NEW,,Electronics Engineering,
CollegeFees,ELECTRONICS AND TELECOMMUNIC ATION ENGINEERING,ELECTRONICS AND TELECOMMUNIC ATION ENGINEERING,88,7,NEW,,Electronics and Communication Engineering,
CollegeFees,ELECTRONICS ENGINEERING(V LSI DESIGN & TECHNOLOGY),ELECTRONICS ENGINEERING(V LSI DESIGN & TECHNOLOGY),33,3,NEW,,Electronics Engineering,
CollegeFees,ENVIRONMENTA L ENGINEERING,ENVIRONMENTA L ENGINEERING,11,1,NEW,,Environmental Engineering,
CollegeFees,INDUSTRIAL & PRODUCTION ENGINEERING,INDUSTRIAL & PRODUCTION ENGINEERING,13,2,NEW,,Production / Industrial Engineering,
CollegeFees,INDUSTRIAL ENGINEERING & MANAGEMENT,INDUSTRIAL ENGINEERING & MANAGEMENT,57,5,NEW,,Production / Industrial Engineering,
CollegeFees,INFORMATION SCIENCE AND ENGINEERING,INFORMATION SCIENCE AND ENGINEERING,124,11,NEW,,Computer Science and Engineering,
CollegeFees,MEDICAL ELECTRONICS ENGINEERING,MEDICAL ELECTRONICS ENGINEERING,22,2,NEW,,Electronics Engineering,
CollegeFees,POLYMER SCIENCE & TECHNOLOGY,POLYMER SCIENCE & TECHNOLOGY,1,1,NEW,,Chemical Engineering,
CollegeFees,SILK TECHNOLOGY,SILK TECHNOLOGY,1,1,NEW,,Textile / Fashion Technology,
CollegeFees,TEXTILES TECHNOLOGY,TEXTILES TECHNOLOGY,1,1,NEW,,Textile / Fashion Technology,
GUJCET,AERO SPACE ENGINEERING,AERO SPACE ENGINEERING,8,3,NEW,,Aerospace Engineering,
GUJCET,AGRICULTURAL TECHNOLOGY,AGRICULTURAL TECHNOLOGY,1,1,NEW,,Agricultural Engineering,
GUJCET,ARTIFICIAL INTELLIGENCE(AI) AND MACHINE LEARNING,ARTIFICIAL INTELLIGENCE(AI) AND MACHINE LEARNING,33,7,NEW,,Artificial Intelligence / Machine Learning / Data Science,
GUJCET,Bachelor of Technology (Hons) in Civil Engineering (BCE),Bachelor of Technology (Hons) in Civil Engineering (BCE),5,1,NEW,,Civil Engineering,
GUJCET,Bpharm,Bpharm,480,104,NEW,,Pharmacy,
GUJCET,CHEMICAL & ENVIRONMENTAL ENGINEERING,CHEMICAL & ENVIRONMENTAL ENGINEERING,3,1,NEW,,Chemical Engineering,
GUJCET,CIVIL ENGINEERING (CONSTRUCTION TECHNOLOGY),CIVIL ENGINEERING (CONSTRUCTION TECHNOLOGY),1,1,NEW,,Civil Engineering,
GUJCET,CIVIL ENGINEERING (SUSTAINABLE ENERGY ENGINEERING),CIVIL ENGINEERING (SUSTAINABLE ENERGY ENGINEERING),1,1,NEW,,Civil Engineering,
GUJCET,CIVIL IRRIGATION WATER MANAGEMENT,CIVIL IRRIGATION WATER MANAGEMENT,1,1,NEW,,Civil Engineering,
GUJCET,COMPUTER ENGINEERING & APPLICATION,COMPUTER ENGINEERING & APPLICATION,4,1,NEW,,Computer Science and Engineering,
GUJCET,COMPUTER ENGINEERING (ARTIFICIAL INTELLIGENCE AND MACHINE LEARNING),COMPUTER ENGINEERING (ARTIFICIAL INTELLIGENCE AND MACHINE LEARNING),4,3,NEW,,Artificial Intelligence / Machine Learning / Data Science,
GUJCET,COMPUTER ENGINEERING (ARTIFICIAL INTELLIGENCE),COMPUTER ENGINEERING (ARTIFICIAL INTELLIGENCE),2,1,NEW,,Artificial Intelligence / Machine Learning / Data Science,
GUJCET,COMPUTER ENGINEERING (Data Science),COMPUTER ENGINEERING (Data Science),1,1,NEW,,Artificial Intelligence / Machine Learning / Data Science,
GUJCET,COMPUTER SCIENCE & BIOSCIENCES,COMPUTER SCIENCE & BIOSCIENCES,8,4,NEW,,Computer Science and Engineering,
GUJCET,COMPUTER SCIENCE & BUSINESS SYSTEMS,COMPUTER SCIENCE & BUSINESS SYSTEMS,7,2,NEW,,Computer Science and Engineering,
GUJCET,COMPUTER SCIENCE & DESIGN,COMPUTER SCIENCE & DESIGN,18,4,NEW,,Computer Science and Engineering,
GUJCET,COMPUTER SCIENCE & ENGINEERING,COMPUTER SCIENCE & ENGINEERING,166,53,NEW,,Computer Science and Engineering,
GUJCET,COMPUTER SCIENCE & ENGINEERING (ARTIFICIAL INTELLIGENCE AND MACHINE LEARNING),COMPUTER SCIENCE & ENGINEERING (ARTIFICIAL INTELLIGENCE AND MACHINE LEARNING),51,20,NEW,,Artificial Intelligence / Machine Learning / Data Science,
GUJCET,COMPUTER SCIENCE & ENGINEERING (ARTIFICIAL INTELLIGENCE),COMPUTER SCIENCE & ENGINEERING (ARTIFICIAL INTELLIGENCE),17,7,NEW,,Artificial Intelligence / Machine Learning / Data Science,
GUJCET,COMPUTER SCIENCE & ENGINEERING (BIG DATA ANALYTICS),COMPUTER SCIENCE & ENGINEERING (BIG DATA ANALYTICS),4,2,NEW,,Artificial Intelligence / Machine Learning / Data Science,
GUJCET,COMPUTER SCIENCE & ENGINEERING (Big Data Analytics),COMPUTER SCIENCE & ENGINEERING (Big Data Analytics),2,1,NEW,,Artificial Intelligence / Machine Learning / Data Science,
GUJCET,COMPUTER SCIENCE & ENGINEERING (CLOUD COMPUTING),COMPUTER SCIENCE & ENGINEERING (CLOUD COMPUTING),2,1,NEW,,Computer Science and Engineering,
GUJCET,COMPUTER SCIENCE & ENGINEERING (CYBER SECURITY),COMPUTER SCIENCE & ENGINEERING (CYBER SECURITY),27,14,NEW,,Cyber Security,
GUJCET,COMPUTER SCIENCE & ENGINEERING (Cloud Computing),COMPUTER SCIENCE & ENGINEERING (Cloud Computing),1,1,NEW,,Computer Science and Engineering,
GUJCET,COMPUTER SCIENCE & ENGINEERING (Cyber Security),COMPUTER SCIENCE & ENGINEERING (Cyber Security),2,1,NEW,,Cyber Security,
GUJCET,COMPUTER SCIENCE & ENGINEERING (DATA SCIENCE),COMPUTER SCIENCE & ENGINEERING (DATA SCIENCE),28,9,NEW,,Artificial Intelligence / Machine Learning / Data Science,
GUJCET,COMPUTER SCIENCE & ENGINEERING (INTERNET OF THINGS & CYBER SECURITY INCLUDING BLOCK CHAIN TECHNOLOGY),COMPUTER SCIENCE & ENGINEERING (INTERNET OF THINGS & CYBER SECURITY INCLUDING BLOCK CHAIN TECHNOLOGY),2,2,NEW,,Cyber Security,
GUJCET,COMPUTER SCIENCE & ENGINEERING (IOT),COMPUTER SCIENCE & ENGINEERING (IOT),5,1,NEW,,Computer Science and Engineering,
GUJCET,COMPUTER SCIENCE & ENGINEERING - M.TECH INTEGRATED,COMPUTER SCIENCE & ENGINEERING - M.TECH INTEGRATED,2,1,NEW,,Computer Science and Engineering,
GUJCET,COMPUTER SCIENCE & TECHNOLOGY,COMPUTER SCIENCE & TECHNOLOGY,7,2,NEW,,Computer Science and Engineering,
GUJCET,Climate Change,Climate Change,1,1,NEW,,Environmental Engineering,
GUJCET,DAIRY TECHNOLOGY,DAIRY TECHNOLOGY,2,1,NEW,,Dairy Technology,
GUJCET,Dpharm,Dpharm,53,30,NEW,,Pharmacy,
GUJCET,ELECTRICAL ENGINEERING (SUSTAINABLE ENERGY ENGINEERING),ELECTRICAL ENGINEERING (SUSTAINABLE ENERGY ENGINEERING),1,1,NEW,,Electrical Engineering,
GUJCET,ELECTRONICS & COMMUNICATION ENGINEERING,ELECTRONICS & COMMUNICATION ENGINEERING,171,45,NEW,,Electronics and Communication Engineering,
GUJCET,ELECTRONICS & COMMUNICATION ENGINEERING (ARTIFICIAL INTELLIGENCE AND MACHINE LEARNING),ELECTRONICS & COMMUNICATION ENGINEERING (ARTIFICIAL INTELLIGENCE AND MACHINE LEARNING),3,2,NEW,,Artificial Intelligence / Machine Learning / Data Science,
GUJCET,ELECTRONICS & COMMUNICATION ENGINEERING (VLSI DESIGN AND TECHNOLOGY),ELECTRONICS & COMMUNICATION ENGINEERING (VLSI DESIGN AND TECHNOLOGY),5,3,NEW,,Electronics and Communication Engineering,
GUJCET,ELECTRONICS & INSTRUMENTATION ENGINEERING,ELECTRONICS & INSTRUMENTATION ENGINEERING,11,2,NEW,,Electronics Engineering,
GUJCET,ELECTRONICS ENGINEERING (VLSI DESIGN AND TECHNOLOGY),ELECTRONICS ENGINEERING (VLSI DESIGN AND TECHNOLOGY),10,3,NEW,,Electronics and Communication Engineering,
GUJCET,ENVIRONMENTAL SCIENCE & TECHNOLOGY,ENVIRONMENTAL SCIENCE & TECHNOLOGY,1,1,NEW,,Environmental Engineering,
GUJCET,"FIRE AND ENVIRONMENT, HEALTH, SAFETY ENGINEERING","FIRE AND ENVIRONMENT, HEALTH, SAFETY ENGINEERING",2,1,NEW,,Environmental Engineering,
GUJCET,FOOD ENGINEERING & TECHNOLOGY,FOOD ENGINEERING & TECHNOLOGY,1,1,NEW,,Food Technology,
GUJCET,FOOD PROCESSING TECHNOLOGY,FOOD PROCESSING TECHNOLOGY,2,1,NEW,,Food Technology,
GUJCET,HONS. IN ICT WITH MINOR IN COMPUTATIONAL SCIENCE (CS),HONS. IN ICT WITH MINOR IN COMPUTATIONAL SCIENCE (CS),7,1,NEW,,Computer Science and Engineering,
GUJCET,INFORMATION & COMMUNICATION TECHNOLOGY,INFORMATION & COMMUNICATION TECHNOLOGY,41,9,NEW,,Computer Science and Engineering,
GUJCET,INFORMATION TECHNOLOGY & ENGINEERING,INFORMATION TECHNOLOGY & ENGINEERING,1,1,NEW,,Computer Science and Engineering,
GUJCET,INSTRUMENTATION & CONTROL ENGINEERING,INSTRUMENTATION & CONTROL ENGINEERING,36,7,NEW,,Instrumentation Engineering,
GUJCET,MECHANICAL ENGINEERING (SUSTAINABLE ENERGY ENGINEERING),MECHANICAL ENGINEERING (SUSTAINABLE ENERGY ENGINEERING),1,1,NEW,,Mechanical Engineering,
GUJCET,MECHATRONICS,MECHATRONICS,3,3,NEW,,Mechatronics,
GUJCET,METALLURGICAL AND MATERIALS ENGINEERING,METALLURGICAL AND MATERIALS ENGINEERING,5,1,NEW,,Metallurgical and Materials Engineering,
GUJCET,PLASTIC & POLYMER ENGINEERING,PLASTIC & POLYMER ENGINEERING,1,1,NEW,,Chemical Engineering,
GUJCET,PLASTIC ENGINEERING,PLASTIC ENGINEERING,1,1,NEW,,Chemical Engineering,
GUJCET,POWER ELECTRONICS,POWER ELECTRONICS,5,1,NEW,,Electronics Engineering,
GUJCET,ROBOTICS & ARTIFICIAL INTELLIGENCE,ROBOTICS & ARTIFICIAL INTELLIGENCE,5,3,NEW,,Artificial Intelligence / Machine Learning / Data Science,
GUJCET,RUBBER TECHNOLOGY,RUBBER TECHNOLOGY,4,1,NEW,,,
JoSAA,"Abu Dhabi Campus - Chemical Engineering (4 Years, Bachelor of Technology)","Abu Dhabi Campus - Chemical Engineering (4 Years, Bachelor of Technology)",48,1,NEW,,Chemical Engineering,
JoSAA,"Abu Dhabi Campus - Computer Science and Engineering (4 Years, Bachelor of Technology)","Abu Dhabi Campus - Computer Science and Engineering (4 Years, Bachelor of Technology)",42,1,NEW,,Computer Science and Engineering,
JoSAA,"Abu Dhabi Campus - Energy Engineering (4 Years, Bachelor of Technology)","Abu Dhabi Campus - Energy Engineering (4 Years, Bachelor of Technology)",42,1,NEW,,Energy Engineering,
JoSAA,"Agricultural and Food Engineering with M.Tech. in any of the listed specializations (5 Years, Bachelor and Master of Technology (Dual Degree))","Agricultural and Food Engineering with M.Tech. in any of the listed specializations (5 Years, Bachelor and Master of Technology (Dual Degree))",410,1,NEW,,Food Technology,
JoSAA,"Animation and VFX (4 Years, Bachelor of Technology)","Animation and VFX (4 Years, Bachelor of Technology)",33,1,NEW,,Animation / Media Technology,
JoSAA,"Applied Geology (5 Years, Integrated Master of Science)","Applied Geology (5 Years, Integrated Master of Science)",217,1,NEW,,Geology / Earth Sciences,
JoSAA,"Applied Geophysics (4 Years, Bachelor of Science)","Applied Geophysics (4 Years, Bachelor of Science)",60,1,NEW,,Physics,
JoSAA,"Applied Mathematics (5 Years, Integrated Master of Science)","Applied Mathematics (5 Years, Integrated Master of Science)",226,1,NEW,,Mathematics and Computing,
JoSAA,"Architecture, Town and Regional Planning (5 Years, Bachelor of Architecture)","Architecture, Town and Regional Planning (5 Years, Bachelor of Architecture)",363,1,NEW,,Architecture,
JoSAA,"B. Tech in Electronics and Communication Engineering with minor in Wearable Electronics (4 Years, Bachelor of Technology)","B. Tech in Electronics and Communication Engineering with minor in Wearable Electronics (4 Years, Bachelor of Technology)",37,1,NEW,,Electronics and Communication Engineering,
JoSAA,"B. Tech. (ME) - MBA (NITIE) (5 Years, Bachelor of Technology and MBA (Dual Degree))","B. Tech. (ME) - MBA (NITIE) (5 Years, Bachelor of Technology and MBA (Dual Degree))",42,1,NEW,,,
JoSAA,"B. Tech. Computer Science and Engineering and M. Tech. Computer Science and Engineering with specialization in Systems Design (5 Years, Bachelor and Master of Technology (Dual Degree))","B. Tech. Computer Science and Engineering and M. Tech. Computer Science and Engineering with specialization in Systems Design (5 Years, Bachelor and Master of Technology (Dual Degree))",36,1,NEW,,Computer Science and Engineering,
JoSAA,"B. Tech. Electronics and Communication Engineering and M. Tech. Electronics and Communication Engineering with specialization in Communication Systems Design (5 Years, Bachelor and Master of Technology (Dual Degree))","B. Tech. Electronics and Communication Engineering and M. Tech. Electronics and Communication Engineering with specialization in Communication Systems Design (5 Years, Bachelor and Master of Technology (Dual Degree))",79,1,NEW,,Electronics and Communication Engineering,
JoSAA,"B. Tech. Electronics and Communication Engineering and M. Tech. Electronics and Communication Engineering with specialization in VLSI Design (5 Years, Bachelor and Master of Technology (Dual Degree))","B. Tech. Electronics and Communication Engineering and M. Tech. Electronics and Communication Engineering with specialization in VLSI Design (5 Years, Bachelor and Master of Technology (Dual Degree))",70,1,NEW,,Electronics and Communication Engineering,
JoSAA,"B. Tech. Mechanical Engineering and M. Tech. Mechanical Engineering with specialization in Advanced Manufacturing (5 Years, Bachelor and Master of Technology (Dual Degree))","B. Tech. Mechanical Engineering and M. Tech. Mechanical Engineering with specialization in Advanced Manufacturing (5 Years, Bachelor and Master of Technology (Dual Degree))",65,1,NEW,,Mechanical Engineering,
JoSAA,"B. Tech. Mechanical Engineering and M. Tech. in Mechanical Engineering with specialization in Product Design (5 Years, Bachelor and Master of Technology (Dual Degree))","B. Tech. Mechanical Engineering and M. Tech. in Mechanical Engineering with specialization in Product Design (5 Years, Bachelor and Master of Technology (Dual Degree))",78,1,NEW,,Mechanical Engineering,
JoSAA,"B. Tech. and M. Tech. in Engineering and Computational Mechanics (Dual Degree) (5 Years, Bachelor and Master of Technology (Dual Degree))","B. Tech. and M. Tech. in Engineering and Computational Mechanics (Dual Degree) (5 Years, Bachelor and Master of Technology (Dual Degree))",96,1,NEW,,,
JoSAA,"B.Tech (Information Technology) and MBA /M.Tech (Information Technology) (5 Years, Integrated B. Tech. and M. Tech. /MBA)","B.Tech (Information Technology) and MBA /M.Tech (Information Technology) (5 Years, Integrated B. Tech. and M. Tech. /MBA)",37,1,NEW,,Computer Science and Engineering,
JoSAA,"B.Tech Mining Engineering and MBA in Logistic and Supply Chain Management (IIM Mumbai) (5 Years, Integrated B. Tech. and MBA)","B.Tech Mining Engineering and MBA in Logistic and Supply Chain Management (IIM Mumbai) (5 Years, Integrated B. Tech. and MBA)",60,1,NEW,,Mining Engineering,
JoSAA,"B.Tech in CSE (AI and ML) (4 Years, Bachelor of Technology)","B.Tech in CSE (AI and ML) (4 Years, Bachelor of Technology)",42,1,NEW,,Artificial Intelligence / Machine Learning / Data Science,
JoSAA,"B.Tech. (Civil Engineering) - MBA (5 Years, Bachelor of Technology and MBA (Dual Degree))","B.Tech. (Civil Engineering) - MBA (5 Years, Bachelor of Technology and MBA (Dual Degree))",24,1,NEW,,Civil Engineering,
JoSAA,"B.Tech. (Computer Science and Engineering) - MBA (5 Years, Bachelor of Technology and MBA (Dual Degree))","B.Tech. (Computer Science and Engineering) - MBA (5 Years, Bachelor of Technology and MBA (Dual Degree))",24,1,NEW,,Computer Science and Engineering,
JoSAA,"B.Tech. (Elctrical Engineering) - MBA (5 Years, Bachelor of Technology and MBA (Dual Degree))","B.Tech. (Elctrical Engineering) - MBA (5 Years, Bachelor of Technology and MBA (Dual Degree))",24,1,NEW,,,
JoSAA,"B.Tech. (Electronics and Communication Engineering) - MBA (5 Years, Bachelor of Technology and MBA (Dual Degree))","B.Tech. (Electronics and Communication Engineering) - MBA (5 Years, Bachelor of Technology and MBA (Dual Degree))",25,1,NEW,,Electronics and Communication Engineering,
JoSAA,"B.Tech. (Food Engineering and Technology) - MBA (5 Years, Bachelor of Technology and MBA (Dual Degree))","B.Tech. (Food Engineering and Technology) - MBA (5 Years, Bachelor of Technology and MBA (Dual Degree))",18,1,NEW,,Food Technology,
JoSAA,"B.Tech. (Mechanical Engineering) - MBA (5 Years, Bachelor of Technology and MBA (Dual Degree))","B.Tech. (Mechanical Engineering) - MBA (5 Years, Bachelor of Technology and MBA (Dual Degree))",19,1,NEW,,Mechanical Engineering,
JoSAA,"B.Tech. in Electronics and Communication Engineering and M.Tech. in Microelectronics and VLSI Systems (5 Years, Bachelor and Master of Technology (Dual Degree))","B.Tech. in Electronics and Communication Engineering and M.Tech. in Microelectronics and VLSI Systems (5 Years, Bachelor and Master of Technology (Dual Degree))",54,1,NEW,,Electronics and Communication Engineering,
JoSAA,"Bio Engineering (5 Years, Bachelor and Master of Technology (Dual Degree))","Bio Engineering (5 Years, Bachelor and Master of Technology (Dual Degree))",212,1,NEW,,Biomedical Engineering,
JoSAA,"Biochemical Engineering (4 Years, Bachelor of Technology)","Biochemical Engineering (4 Years, Bachelor of Technology)",48,1,NEW,,Chemical Engineering,
JoSAA,"Biochemical Engineering and Biotechnology (5 Years, Bachelor and Master of Technology (Dual Degree))","Biochemical Engineering and Biotechnology (5 Years, Bachelor and Master of Technology (Dual Degree))",105,1,NEW,,Chemical Engineering,
JoSAA,"Bioengineering (4 Years, Bachelor of Technology)","Bioengineering (4 Years, Bachelor of Technology)",48,1,NEW,,Biomedical Engineering,
JoSAA,"Biological Engineering (5 Years, Bachelor and Master of Technology (Dual Degree))","Biological Engineering (5 Years, Bachelor and Master of Technology (Dual Degree))",345,1,NEW,,Biomedical Engineering,
JoSAA,"Biological Sciences (5 Years, Bachelor of Science and Master of Science (Dual Degree))","Biological Sciences (5 Years, Bachelor of Science and Master of Science (Dual Degree))",352,1,NEW,,Fishery Science,
JoSAA,"Biotechnology and Biochemical Engineering (5 Years, Bachelor and Master of Technology (Dual Degree))","Biotechnology and Biochemical Engineering (5 Years, Bachelor and Master of Technology (Dual Degree))",387,1,NEW,,Chemical Engineering,
JoSAA,"Chemical Engineering (Plastic and Polymer) (4 Years, Bachelor of Technology)","Chemical Engineering (Plastic and Polymer) (4 Years, Bachelor of Technology)",234,1,NEW,,Chemical Engineering,
JoSAA,"Chemical Science (5 Years, Integrated Bachelor of Science-Master of Science)","Chemical Science (5 Years, Integrated Bachelor of Science-Master of Science)",48,1,NEW,,Chemical Engineering,
JoSAA,"Civil Engineering and M. Tech. in Structural Engineering (5 Years, Bachelor and Master of Technology (Dual Degree))","Civil Engineering and M. Tech. in Structural Engineering (5 Years, Bachelor and Master of Technology (Dual Degree))",329,1,NEW,,Civil Engineering,
JoSAA,"Civil Engineering and M.Tech in Transportation Engineering (5 Years, Bachelor and Master of Technology (Dual Degree))","Civil Engineering and M.Tech in Transportation Engineering (5 Years, Bachelor and Master of Technology (Dual Degree))",352,2,NEW,,Civil Engineering,
JoSAA,"Civil Engineering and M.Tech in Water Resources (5 Years, Bachelor and Master of Technology (Dual Degree))","Civil Engineering and M.Tech in Water Resources (5 Years, Bachelor and Master of Technology (Dual Degree))",36,1,NEW,,Civil Engineering,
JoSAA,"Civil Engineering and M.Tech. in Environmental Engineering (5 Years, Bachelor and Master of Technology (Dual Degree))","Civil Engineering and M.Tech. in Environmental Engineering (5 Years, Bachelor and Master of Technology (Dual Degree))",292,1,NEW,,Civil Engineering,
JoSAA,"Civil Engineering with M.Tech. in Structural Engineering (5 Years, Bachelor and Master of Technology (Dual Degree))","Civil Engineering with M.Tech. in Structural Engineering (5 Years, Bachelor and Master of Technology (Dual Degree))",24,1,NEW,,Civil Engineering,
JoSAA,"Civil Engineering with any of the listed specialization (5 Years, Bachelor and Master of Technology (Dual Degree))","Civil Engineering with any of the listed specialization (5 Years, Bachelor and Master of Technology (Dual Degree))",443,2,NEW,,Civil Engineering,
JoSAA,"Computational Engineering and Mechanics (4 Years, Bachelor of Technology)","Computational Engineering and Mechanics (4 Years, Bachelor of Technology)",72,1,NEW,,,
JoSAA,"Computer Engineering (5 Years, Bachelor and Master of Technology (Dual Degree))","Computer Engineering (5 Years, Bachelor and Master of Technology (Dual Degree))",65,1,NEW,,Computer Science and Engineering,
JoSAA,"Computer Science & Engineering (5 Years, B.Tech. + M.Tech./MS (Dual Degree))","Computer Science & Engineering (5 Years, B.Tech. + M.Tech./MS (Dual Degree))",132,1,NEW,,Computer Science and Engineering,
JoSAA,"Computer Science (5 Years, Integrated Master of Technology)","Computer Science (5 Years, Integrated Master of Technology)",184,1,NEW,,Computer Science and Engineering,
JoSAA,"Computer Science and Engineering (Artificial Intelligence and Machine Learning) (4 Years, Bachelor of Technology)","Computer Science and Engineering (Artificial Intelligence and Machine Learning) (4 Years, Bachelor of Technology)",60,1,NEW,,Artificial Intelligence / Machine Learning / Data Science,
JoSAA,"Computer Science and Engineering (Internet of Things, Cyber Security including Block Chain Technology ) (4 Years, Bachelor of Technology)","Computer Science and Engineering (Internet of Things, Cyber Security including Block Chain Technology ) (4 Years, Bachelor of Technology)",40,1,NEW,,Cyber Security,
JoSAA,"Computer Science and Engineering and M.Tech Computer Science (5 Years, Bachelor and Master of Technology (Dual Degree))","Computer Science and Engineering and M.Tech Computer Science (5 Years, Bachelor and Master of Technology (Dual Degree))",36,1,NEW,,Computer Science and Engineering,
JoSAA,"Computer Science and Engineering and M.Tech in Information Security (5 Years, Bachelor and Master of Technology (Dual Degree))","Computer Science and Engineering and M.Tech in Information Security (5 Years, Bachelor and Master of Technology (Dual Degree))",36,1,NEW,,Computer Science and Engineering,
JoSAA,"Computer Science and Engineering with minor in AI and ML (4 Years, Bachelor of Technology)","Computer Science and Engineering with minor in AI and ML (4 Years, Bachelor of Technology)",42,1,NEW,,Artificial Intelligence / Machine Learning / Data Science,
JoSAA,"Computer Science and Engineering with specialization in Quantum Technologies (4 Years, Bachelor of Technology)","Computer Science and Engineering with specialization in Quantum Technologies (4 Years, Bachelor of Technology)",60,1,NEW,,Artificial Intelligence / Machine Learning / Data Science,
JoSAA,"Computer Science and Technology (5 Years, Bachelor and Master of Technology (Dual Degree))","Computer Science and Technology (5 Years, Bachelor and Master of Technology (Dual Degree))",54,1,NEW,,Computer Science and Engineering,
JoSAA,"Design (4 Years, Bachelor of Technology)","Design (4 Years, Bachelor of Technology)",48,1,NEW,,Design,
JoSAA,"Design Engineering (4 Years, Bachelor of Technology)","Design Engineering (4 Years, Bachelor of Technology)",36,1,NEW,,Design,
JoSAA,"Digital Agriculture (4 Years, Bachelor of Technology)","Digital Agriculture (4 Years, Bachelor of Technology)",48,1,NEW,,Agricultural Engineering,
JoSAA,"Economics (5 Years, Integrated Master of Science)","Economics (5 Years, Integrated Master of Science)",250,1,NEW,,Economics,
JoSAA,"Electrical Engineering (Integrated Circuit Design and Technology) (4 Years, Bachelor of Technology)","Electrical Engineering (Integrated Circuit Design and Technology) (4 Years, Bachelor of Technology)",49,1,NEW,,Electrical Engineering,
JoSAA,"Electrical Engineering and M.Tech Control and Automation (5 Years, Bachelor and Master of Technology (Dual Degree))","Electrical Engineering and M.Tech Control and Automation (5 Years, Bachelor and Master of Technology (Dual Degree))",36,1,NEW,,Electrical Engineering,
JoSAA,"Electrical Engineering and M.Tech Electronic Systems and Communications (5 Years, Bachelor and Master of Technology (Dual Degree))","Electrical Engineering and M.Tech Electronic Systems and Communications (5 Years, Bachelor and Master of Technology (Dual Degree))",48,1,NEW,,Electrical Engineering,
JoSAA,"Electrical Engineering and M.Tech Power Electronics and Drives (5 Years, Bachelor and Master of Technology (Dual Degree))","Electrical Engineering and M.Tech Power Electronics and Drives (5 Years, Bachelor and Master of Technology (Dual Degree))",327,2,NEW,,Electrical Engineering,
JoSAA,"Electrical Engineering with M.Tech. in Communications and Signal Processing (5 Years, Bachelor and Master of Technology (Dual Degree))","Electrical Engineering with M.Tech. in Communications and Signal Processing (5 Years, Bachelor and Master of Technology (Dual Degree))",121,1,NEW,,Electrical Engineering,
JoSAA,"Electrical Engineering with M.Tech. in Microelectronics (5 Years, Bachelor and Master of Technology (Dual Degree))","Electrical Engineering with M.Tech. in Microelectronics (5 Years, Bachelor and Master of Technology (Dual Degree))",114,1,NEW,,Electrical Engineering,
JoSAA,"Electrical Engineering with M.Tech. in any of the listed specializations (5 Years, Bachelor and Master of Technology (Dual Degree))","Electrical Engineering with M.Tech. in any of the listed specializations (5 Years, Bachelor and Master of Technology (Dual Degree))",400,1,NEW,,Electrical Engineering,
JoSAA,"Electrical and Instrumentation Engineering (4 Years, Bachelor of Technology)","Electrical and Instrumentation Engineering (4 Years, Bachelor of Technology)",183,1,NEW,,Electrical Engineering,
JoSAA,"Electronics & Communication Engineering (5 Years, B.Tech. + M.Tech./MS (Dual Degree))","Electronics & Communication Engineering (5 Years, B.Tech. + M.Tech./MS (Dual Degree))",125,1,NEW,,Electronics and Communication Engineering,
JoSAA,"Electronics System Engineering (4 Years, Bachelor of Technology)","Electronics System Engineering (4 Years, Bachelor of Technology)",274,1,NEW,,Electronics Engineering,
JoSAA,"Electronics and Communication Engineering (Under Flexible Academic Program) (4 Years, Bachelor of Technology)","Electronics and Communication Engineering (Under Flexible Academic Program) (4 Years, Bachelor of Technology)",60,1,NEW,,Electronics and Communication Engineering,
JoSAA,"Electronics and Communication Engineering (VLSI Design) (4 Years, Bachelor of Technology)","Electronics and Communication Engineering (VLSI Design) (4 Years, Bachelor of Technology)",36,1,NEW,,Electronics and Communication Engineering,
JoSAA,"Electronics and Communication Engineering - Design and Manufacturing (4 Years, Bachelor of Technology)","Electronics and Communication Engineering - Design and Manufacturing (4 Years, Bachelor of Technology)",60,2,NEW,,Electronics and Communication Engineering,
JoSAA,"Electronics and Communication Engineering - Design and Manufacturing + M. Tech VLSI & Electronic System Design (5 Years, Bachelor and Master of Technology (Dual Degree))","Electronics and Communication Engineering - Design and Manufacturing + M. Tech VLSI & Electronic System Design (5 Years, Bachelor and Master of Technology (Dual Degree))",27,1,NEW,,Electronics and Communication Engineering,
JoSAA,"Electronics and Communication Engineering - Design and Manufacturing + M.Tech Signal Processing & Communication System Design (5 Years, Bachelor and Master of Technology (Dual Degree))","Electronics and Communication Engineering - Design and Manufacturing + M.Tech Signal Processing & Communication System Design (5 Years, Bachelor and Master of Technology (Dual Degree))",24,1,NEW,,Electronics and Communication Engineering,
JoSAA,"Electronics and Communication Engineering and M.Tech (ECE) Spl. (Micro Electronics) (5 Years, Bachelor and Master of Technology (Dual Degree))","Electronics and Communication Engineering and M.Tech (ECE) Spl. (Micro Electronics) (5 Years, Bachelor and Master of Technology (Dual Degree))",39,1,NEW,,Electronics and Communication Engineering,
JoSAA,"Electronics and Communication Engineering and M.Tech Communication and Network (5 Years, Bachelor and Master of Technology (Dual Degree))","Electronics and Communication Engineering and M.Tech Communication and Network (5 Years, Bachelor and Master of Technology (Dual Degree))",36,1,NEW,,Electronics and Communication Engineering,
JoSAA,"Electronics and Communication Engineering and M.Tech. Bio-Medical Engineering (5 Years, Bachelor and Master of Technology (Dual Degree))","Electronics and Communication Engineering and M.Tech. Bio-Medical Engineering (5 Years, Bachelor and Master of Technology (Dual Degree))",39,1,NEW,,Electronics and Communication Engineering,
JoSAA,"Electronics and Communication Engineering and MBA (Information Technology) (5 Years, Bachelor of Technology and MBA (Dual Degree))","Electronics and Communication Engineering and MBA (Information Technology) (5 Years, Bachelor of Technology and MBA (Dual Degree))",39,1,NEW,,Computer Science and Engineering,
JoSAA,"Electronics and Communication Engineering with specialization in Design and Manufacturing + M. Tech - Signal Processing and Communication Systems Design (5 Years, Bachelor and Master of Technology (Dual Degree))","Electronics and Communication Engineering with specialization in Design and Manufacturing + M. Tech - Signal Processing and Communication Systems Design (5 Years, Bachelor and Master of Technology (Dual Degree))",28,1,NEW,,Electronics and Communication Engineering,
JoSAA,"Electronics and Communication Engineering with specialization in Design and Manufacturing + M. Tech - VLSI and Electronic Systems Design (5 Years, Bachelor and Master of Technology (Dual Degree))","Electronics and Communication Engineering with specialization in Design and Manufacturing + M. Tech - VLSI and Electronic Systems Design (5 Years, Bachelor and Master of Technology (Dual Degree))",28,1,NEW,,Electronics and Communication Engineering,
JoSAA,"Electronics and Electrical Communication Engineering with M.Tech. in any of the listed specializations (5 Years, Bachelor and Master of Technology (Dual Degree))","Electronics and Electrical Communication Engineering with M.Tech. in any of the listed specializations (5 Years, Bachelor and Master of Technology (Dual Degree))",482,1,NEW,,Electrical Engineering,
JoSAA,"Electronics and Instrumentation Engineering and M.Tech VLSI Design and Embedded (5 Years, Bachelor and Master of Technology (Dual Degree))","Electronics and Instrumentation Engineering and M.Tech VLSI Design and Embedded (5 Years, Bachelor and Master of Technology (Dual Degree))",36,1,NEW,,Electronics and Communication Engineering,
JoSAA,"Electronics and Telecommunication Engineering (5 Years, Bachelor and Master of Technology (Dual Degree))","Electronics and Telecommunication Engineering (5 Years, Bachelor and Master of Technology (Dual Degree))",54,1,NEW,,Electronics and Communication Engineering,
JoSAA,"Energy Engineering with M.Tech. in Energy Systems Engineering (5 Years, Bachelor and Master of Technology (Dual Degree))","Energy Engineering with M.Tech. in Energy Systems Engineering (5 Years, Bachelor and Master of Technology (Dual Degree))",290,1,NEW,,Energy Engineering,
JoSAA,"Energy and Electrical Vehicle Engineering (4 Years, Bachelor of Technology)","Energy and Electrical Vehicle Engineering (4 Years, Bachelor of Technology)",96,1,NEW,,Electrical Engineering,
JoSAA,"Engineering Physics (5 Years, Integrated Master of Technology)","Engineering Physics (5 Years, Integrated Master of Technology)",24,1,NEW,,Physics,
JoSAA,"Engineering Physics and M.Tech. with specialization in Nano Science (5 Years, Bachelor and Master of Technology (Dual Degree))","Engineering Physics and M.Tech. with specialization in Nano Science (5 Years, Bachelor and Master of Technology (Dual Degree))",30,1,NEW,,Physics,
JoSAA,"Environmental Science and Engineering (5 Years, Bachelor and Master of Technology (Dual Degree))","Environmental Science and Engineering (5 Years, Bachelor and Master of Technology (Dual Degree))",291,1,NEW,,Environmental Engineering,
JoSAA,"Exploration Geophysics (5 Years, Integrated Master of Science)","Exploration Geophysics (5 Years, Integrated Master of Science)",204,1,NEW,,Physics,
JoSAA,"Food Technology (5 Years, Integrated Master of Science)","Food Technology (5 Years, Integrated Master of Science)",97,1,NEW,,Food Technology,
JoSAA,"Industrial Chemistry (5 Years, Integrated Master of Technology)","Industrial Chemistry (5 Years, Integrated Master of Technology)",24,1,NEW,,Production / Industrial Engineering,
JoSAA,"Industrial and Systems Engineering with M.Tech. in Industrial and Systems Engineering and Management (5 Years, Bachelor and Master of Technology (Dual Degree))","Industrial and Systems Engineering with M.Tech. in Industrial and Systems Engineering and Management (5 Years, Bachelor and Master of Technology (Dual Degree))",355,1,NEW,,Production / Industrial Engineering,
JoSAA,"Information Technology (5 Years, Bachelor and Master of Technology (Dual Degree))","Information Technology (5 Years, Bachelor and Master of Technology (Dual Degree))",54,1,NEW,,Computer Science and Engineering,
JoSAA,"Information Technology (Under Flexible Academic Program) (4 Years, Bachelor of Technology)","Information Technology (Under Flexible Academic Program) (4 Years, Bachelor of Technology)",60,1,NEW,,Computer Science and Engineering,
JoSAA,"Information Technology and M.Tech (Information Technology) Spl. (Cyber Law and Information Security) (5 Years, Bachelor and Master of Technology (Dual Degree))","Information Technology and M.Tech (Information Technology) Spl. (Cyber Law and Information Security) (5 Years, Bachelor and Master of Technology (Dual Degree))",39,1,NEW,,Cyber Security,
JoSAA,"Information Technology and M.Tech (Information Technology) Spl. (Human Computer Interaction) (5 Years, Bachelor and Master of Technology (Dual Degree))","Information Technology and M.Tech (Information Technology) Spl. (Human Computer Interaction) (5 Years, Bachelor and Master of Technology (Dual Degree))",39,1,NEW,,Computer Science and Engineering,
JoSAA,"Information Technology and M.Tech (Information Technology) Spl. (Intellegent System) (5 Years, Bachelor and Master of Technology (Dual Degree))","Information Technology and M.Tech (Information Technology) Spl. (Intellegent System) (5 Years, Bachelor and Master of Technology (Dual Degree))",52,1,NEW,,Computer Science and Engineering,
JoSAA,"Information Technology and M.Tech (Information Technology) Spl. Bio-Informatics (5 Years, Bachelor and Master of Technology (Dual Degree))","Information Technology and M.Tech (Information Technology) Spl. Bio-Informatics (5 Years, Bachelor and Master of Technology (Dual Degree))",52,1,NEW,,Computer Science and Engineering,
JoSAA,"Information Technology and M.Tech (Information Technology) Spl. Robotics (5 Years, Bachelor and Master of Technology (Dual Degree))","Information Technology and M.Tech (Information Technology) Spl. Robotics (5 Years, Bachelor and Master of Technology (Dual Degree))",52,1,NEW,,Computer Science and Engineering,
JoSAA,"Information Technology and M.Tech (Information Technology) Spl. Software Engineering (5 Years, Bachelor and Master of Technology (Dual Degree))","Information Technology and M.Tech (Information Technology) Spl. Software Engineering (5 Years, Bachelor and Master of Technology (Dual Degree))",52,1,NEW,,Computer Science and Engineering,
JoSAA,"Information Technology and M.Tech (Information Technology) Spl. Wireless Communication Engineering (5 Years, Bachelor and Master of Technology (Dual Degree))","Information Technology and M.Tech (Information Technology) Spl. Wireless Communication Engineering (5 Years, Bachelor and Master of Technology (Dual Degree))",52,1,NEW,,Computer Science and Engineering,
JoSAA,"Information Technology and MBA (Information Technology) (5 Years, Bachelor of Technology and MBA (Dual Degree))","Information Technology and MBA (Information Technology) (5 Years, Bachelor of Technology and MBA (Dual Degree))",52,1,NEW,,Computer Science and Engineering,
JoSAA,"Instrumentation and Biomedical Engineering (4 Years, Bachelor of Technology)","Instrumentation and Biomedical Engineering (4 Years, Bachelor of Technology)",66,1,NEW,,Biomedical Engineering,
JoSAA,"Integrated B. Tech.(IT) and M. Tech (IT) (5 Years, Integrated B. Tech. and M. Tech. /MBA)","Integrated B. Tech.(IT) and M. Tech (IT) (5 Years, Integrated B. Tech. and M. Tech. /MBA)",262,1,NEW,,Computer Science and Engineering,
JoSAA,"Integrated B. Tech.(IT) and MBA (5 Years, Integrated B. Tech. and M. Tech. /MBA)","Integrated B. Tech.(IT) and MBA (5 Years, Integrated B. Tech. and M. Tech. /MBA)",228,1,NEW,,Computer Science and Engineering,
JoSAA,"Manufacturing Engineering (4 Years, Bachelor of Technology)","Manufacturing Engineering (4 Years, Bachelor of Technology)",138,1,NEW,,Production / Industrial Engineering,
JoSAA,"Manufacturing Science and Engineering with M.Tech. in Industrial and Systems Engineering and Management (5 Years, Bachelor and Master of Technology (Dual Degree))","Manufacturing Science and Engineering with M.Tech. in Industrial and Systems Engineering and Management (5 Years, Bachelor and Master of Technology (Dual Degree))",350,1,NEW,,Production / Industrial Engineering,
JoSAA,"Material Science (5 Years, Bachelor of Science and Master of Science (Dual Degree))","Material Science (5 Years, Bachelor of Science and Master of Science (Dual Degree))",25,1,NEW,,Fishery Science,
JoSAA,"Materials Science and Technology (4 Years, Bachelor of Technology)","Materials Science and Technology (4 Years, Bachelor of Technology)",54,1,NEW,,Metallurgical and Materials Engineering,
JoSAA,"Materials and Metallurgical Engineering (4 Years, Bachelor of Technology)","Materials and Metallurgical Engineering (4 Years, Bachelor of Technology)",74,1,NEW,,Metallurgical and Materials Engineering,
JoSAA,"Mathematics (5 Years, Bachelor of Science and Master of Science (Dual Degree))","Mathematics (5 Years, Bachelor of Science and Master of Science (Dual Degree))",146,1,NEW,,Mathematics and Computing,
JoSAA,"Mathematics and Computing (5 Years, Integrated Master of Technology)","Mathematics and Computing (5 Years, Integrated Master of Technology)",521,4,NEW,,Mathematics and Computing,
JoSAA,"Mechanical Engineering (D and M) and M.Tech (Advanced Manufacturing) (5 Years, Bachelor and Master of Technology (Dual Degree))","Mechanical Engineering (D and M) and M.Tech (Advanced Manufacturing) (5 Years, Bachelor and Master of Technology (Dual Degree))",24,1,NEW,,Mechanical Engineering,
JoSAA,"Mechanical Engineering (D and M) and M.Tech (Product Design) (5 Years, Bachelor and Master of Technology (Dual Degree))","Mechanical Engineering (D and M) and M.Tech (Product Design) (5 Years, Bachelor and Master of Technology (Dual Degree))",24,1,NEW,,Mechanical Engineering,
JoSAA,"Mechanical Engineering (Manuacturing Engineering) (4 Years, Bachelor of Technology)","Mechanical Engineering (Manuacturing Engineering) (4 Years, Bachelor of Technology)",90,1,NEW,,Mechanical Engineering,
JoSAA,"Mechanical Engineering (Welding Technology) (4 Years, Bachelor of Technology)","Mechanical Engineering (Welding Technology) (4 Years, Bachelor of Technology)",88,1,NEW,,Mechanical Engineering,
JoSAA,"Mechanical Engineering and M. Tech. in Mechanical System Design (5 Years, Bachelor and Master of Technology (Dual Degree))","Mechanical Engineering and M. Tech. in Mechanical System Design (5 Years, Bachelor and Master of Technology (Dual Degree))",342,1,NEW,,Mechanical Engineering,
JoSAA,"Mechanical Engineering and M. Tech. in Thermal Science & Engineering (5 Years, Bachelor and Master of Technology (Dual Degree))","Mechanical Engineering and M. Tech. in Thermal Science & Engineering (5 Years, Bachelor and Master of Technology (Dual Degree))",342,1,NEW,,Mechanical Engineering,
JoSAA,"Mechanical Engineering and M.Tech Mechatronics and Automation (5 Years, Bachelor and Master of Technology (Dual Degree))","Mechanical Engineering and M.Tech Mechatronics and Automation (5 Years, Bachelor and Master of Technology (Dual Degree))",42,1,NEW,,Mechatronics,
JoSAA,"Mechanical Engineering and M.Tech. in Computer Integrated Manufacturing (5 Years, Bachelor and Master of Technology (Dual Degree))","Mechanical Engineering and M.Tech. in Computer Integrated Manufacturing (5 Years, Bachelor and Master of Technology (Dual Degree))",346,1,NEW,,Computer Science and Engineering,
JoSAA,"Mechanical Engineering with M.Tech. in Manufacturing Engineering (5 Years, Bachelor and Master of Technology (Dual Degree))","Mechanical Engineering with M.Tech. in Manufacturing Engineering (5 Years, Bachelor and Master of Technology (Dual Degree))",297,1,NEW,,Mechanical Engineering,
JoSAA,"Mechanical Engineering with M.Tech. in any of the listed specializations (5 Years, Bachelor and Master of Technology (Dual Degree))","Mechanical Engineering with M.Tech. in any of the listed specializations (5 Years, Bachelor and Master of Technology (Dual Degree))",431,1,NEW,,Mechanical Engineering,
JoSAA,"Mechanical Engineering with specialization in Design and Manufacturing + M. Tech - Advanced Manufacturing (5 Years, Bachelor and Master of Technology (Dual Degree))","Mechanical Engineering with specialization in Design and Manufacturing + M. Tech - Advanced Manufacturing (5 Years, Bachelor and Master of Technology (Dual Degree))",35,1,NEW,,Mechanical Engineering,
JoSAA,"Mechanical Engineering with specialization in Design and Manufacturing + M. Tech - Product Design (5 Years, Bachelor and Master of Technology (Dual Degree))","Mechanical Engineering with specialization in Design and Manufacturing + M. Tech - Product Design (5 Years, Bachelor and Master of Technology (Dual Degree))",28,1,NEW,,Mechanical Engineering,
JoSAA,"Mechanical Engineering with specialization in Smart Manufacturing (4 Years, Bachelor of Technology)","Mechanical Engineering with specialization in Smart Manufacturing (4 Years, Bachelor of Technology)",29,1,NEW,,Mechanical Engineering,
JoSAA,"Mechanical Engineering- Design and Manufacturing (4 Years, Bachelor of Technology)","Mechanical Engineering- Design and Manufacturing (4 Years, Bachelor of Technology)",54,2,NEW,,Mechanical Engineering,
JoSAA,"Mechanical – Smart Manufacturing (4 Years, Bachelor of Technology)","Mechanical – Smart Manufacturing (4 Years, Bachelor of Technology)",30,1,NEW,,Mechanical Engineering,
JoSAA,"Metallurgical Engineering & Materials Science (5 Years, Bachelor and Master of Technology (Dual Degree))","Metallurgical Engineering & Materials Science (5 Years, Bachelor and Master of Technology (Dual Degree))",189,1,NEW,,Metallurgical and Materials Engineering,
JoSAA,"Metallurgical Engineering and Materials Science with M.Tech. in Ceramics and Composites (5 Years, Bachelor and Master of Technology (Dual Degree))","Metallurgical Engineering and Materials Science with M.Tech. in Ceramics and Composites (5 Years, Bachelor and Master of Technology (Dual Degree))",107,1,NEW,,Metallurgical and Materials Engineering,
JoSAA,"Metallurgical Engineering and Materials Science with M.Tech. in Metallurgical Process Engineering (5 Years, Bachelor and Master of Technology (Dual Degree))","Metallurgical Engineering and Materials Science with M.Tech. in Metallurgical Process Engineering (5 Years, Bachelor and Master of Technology (Dual Degree))",94,1,NEW,,Metallurgical and Materials Engineering,
JoSAA,"Metallurgical and Materials Engineering and M.Tech. in Materials Science and Engineering (5 Years, Bachelor and Master of Technology (Dual Degree))","Metallurgical and Materials Engineering and M.Tech. in Materials Science and Engineering (5 Years, Bachelor and Master of Technology (Dual Degree))",62,1,NEW,,Metallurgical and Materials Engineering,
JoSAA,"Metallurgy and Materials Engineering (5 Years, Bachelor and Master of Technology (Dual Degree))","Metallurgy and Materials Engineering (5 Years, Bachelor and Master of Technology (Dual Degree))",48,1,NEW,,Metallurgical and Materials Engineering,
JoSAA,"Mineral Engineering (4 Years, Bachelor of Technology)","Mineral Engineering (4 Years, Bachelor of Technology)",159,2,NEW,,Mining Engineering,
JoSAA,"Mining Safety Engineering (5 Years, Bachelor and Master of Technology (Dual Degree))","Mining Safety Engineering (5 Years, Bachelor and Master of Technology (Dual Degree))",335,1,NEW,,Mining Engineering,
JoSAA,"Naval Architecture and Ocean Engineering (5 Years, Bachelor and Master of Technology (Dual Degree))","Naval Architecture and Ocean Engineering (5 Years, Bachelor and Master of Technology (Dual Degree))",101,1,NEW,,Architecture,
JoSAA,"Ocean Engineering and Naval Architecture (5 Years, Bachelor and Master of Technology (Dual Degree))","Ocean Engineering and Naval Architecture (5 Years, Bachelor and Master of Technology (Dual Degree))",394,1,NEW,,Architecture,
JoSAA,"Pharmaceutics (4 Years, Bachelor of Pharmaceutics)","Pharmaceutics (4 Years, Bachelor of Pharmaceutics)",24,1,NEW,,Pharmacy,
JoSAA,"Pharmaceutics (5 Years, Bachelor and Master of Pharmaceutics(Dual Degree))","Pharmaceutics (5 Years, Bachelor and Master of Pharmaceutics(Dual Degree))",24,1,NEW,,Pharmacy,
JoSAA,"Physical Science (5 Years, Integrated Bachelor of Science-Master of Science)","Physical Science (5 Years, Integrated Bachelor of Science-Master of Science)",48,1,NEW,,Physics,
JoSAA,"Physics and Computational Engineering (4 Years, Bachelor of Technology)","Physics and Computational Engineering (4 Years, Bachelor of Technology)",33,1,NEW,,Physics,
JoSAA,"Polymer Science and Engineering (4 Years, Bachelor of Technology)","Polymer Science and Engineering (4 Years, Bachelor of Technology)",223,1,NEW,,Chemical Engineering,
JoSAA,"Quality Engineering Design and Manufacturing (5 Years, Bachelor and Master of Technology (Dual Degree))","Quality Engineering Design and Manufacturing (5 Years, Bachelor and Master of Technology (Dual Degree))",205,1,NEW,,Production / Industrial Engineering,
JoSAA,"Robotics and AI (4 Years, Bachelor of Technology)","Robotics and AI (4 Years, Bachelor of Technology)",36,1,NEW,,Artificial Intelligence / Machine Learning / Data Science,
JoSAA,"Space Science and Engineering (4 Years, Bachelor of Technology)","Space Science and Engineering (4 Years, Bachelor of Technology)",48,1,NEW,,,
KCET,AERO SPACE ENGINEERING,AERO SPACE ENGINEERING,54,5,NEW,,Aerospace Engineering,
KCET,AGRICULTURE ENGINEERING,AGRICULTURE ENGINEERING,5,5,NEW,,Agricultural Engineering,
KCET,ARTIFICIAL INTELLIGENCE ENGINEERING,ARTIFICIAL INTELLIGENCE ENGINEERING,1,1,NEW,,Artificial Intelligence / Machine Learning / Data Science,
KCET,AUTOMOTIVE ENGINEERING,AUTOMOTIVE ENGINEERING,4,1,NEW,,Automobile Engineering,
KCET,B TECH IN AERO SPACE ENGINEERING,B TECH IN AERO SPACE ENGINEERING,50,4,NEW,,Aerospace Engineering,
KCET,B TECH IN AERONAUTICAL ENGINEERING,B TECH IN AERONAUTICAL ENGINEERING,1,1,NEW,,Aerospace Engineering,
KCET,B TECH IN AGRICULTURAL ENGINEERING,B TECH IN AGRICULTURAL ENGINEERING,7,1,NEW,,Agricultural Engineering,
KCET,B TECH IN ARTIFICIAL INTELLIGENCE AND DATA SCIENCE,B TECH IN ARTIFICIAL INTELLIGENCE AND DATA SCIENCE,100,5,NEW,,Artificial Intelligence / Machine Learning / Data Science,
KCET,B TECH IN ARTIFICIAL INTELLIGENCE AND MACHINE LEARNING,B TECH IN ARTIFICIAL INTELLIGENCE AND MACHINE LEARNING,47,4,NEW,,Artificial Intelligence / Machine Learning / Data Science,
KCET,B TECH IN BIO-TECHNOLOGY,B TECH IN BIO-TECHNOLOGY,31,3,NEW,,Biotechnology,
KCET,B TECH IN CIVIL ENGINEERING,B TECH IN CIVIL ENGINEERING,21,7,NEW,,Civil Engineering,
KCET,B TECH IN COMPUTER ENGINEERING,B TECH IN COMPUTER ENGINEERING,14,1,NEW,,Computer Science and Engineering,
KCET,B TECH IN COMPUTER SCIENCE,B TECH IN COMPUTER SCIENCE,17,1,NEW,,Computer Science and Engineering,
KCET,B TECH IN COMPUTER SCIENCE & ENGINEERING(ARTIFICAL INTELLIGENCE & MACHINE LEARNING),B TECH IN COMPUTER SCIENCE & ENGINEERING(ARTIFICAL INTELLIGENCE & MACHINE LEARNING),179,7,NEW,,Artificial Intelligence / Machine Learning / Data Science,
KCET,B TECH IN COMPUTER SCIENCE & ENGINEERING(ARTIFICIAL INTELLIGENCE AND FUTURE TECHNOLOGIES),B TECH IN COMPUTER SCIENCE & ENGINEERING(ARTIFICIAL INTELLIGENCE AND FUTURE TECHNOLOGIES),19,1,NEW,,Artificial Intelligence / Machine Learning / Data Science,
KCET,B TECH IN COMPUTER SCIENCE AND ENGINEERING,B TECH IN COMPUTER SCIENCE AND ENGINEERING,419,19,NEW,,Computer Science and Engineering,
KCET,B TECH IN COMPUTER SCIENCE AND ENGINEERING(ARTIFICIAL INTELLIGENCE AND DATA SCIENCE),B TECH IN COMPUTER SCIENCE AND ENGINEERING(ARTIFICIAL INTELLIGENCE AND DATA SCIENCE),48,2,NEW,,Artificial Intelligence / Machine Learning / Data Science,
KCET,B TECH IN COMPUTER SCIENCE AND ENGINEERING(BLOCK CHAIN),B TECH IN COMPUTER SCIENCE AND ENGINEERING(BLOCK CHAIN),13,1,NEW,,Cyber Security,
KCET,B TECH IN COMPUTER SCIENCE AND ENGINEERING(CYBER SECURITY),B TECH IN COMPUTER SCIENCE AND ENGINEERING(CYBER SECURITY),57,3,NEW,,Cyber Security,
KCET,B TECH IN COMPUTER SCIENCE AND ENGINEERING(DATA SCIENCE),B TECH IN COMPUTER SCIENCE AND ENGINEERING(DATA SCIENCE),61,4,NEW,,Artificial Intelligence / Machine Learning / Data Science,
KCET,B TECH IN COMPUTER SCIENCE AND ENGINEERING(IOT INCLUDING BLOCK CHAIN),B TECH IN COMPUTER SCIENCE AND ENGINEERING(IOT INCLUDING BLOCK CHAIN),15,1,NEW,,Cyber Security,
KCET,B TECH IN COMPUTER SCIENCE AND ENGINEERING(IOT),B TECH IN COMPUTER SCIENCE AND ENGINEERING(IOT),28,2,NEW,,Computer Science and Engineering,
KCET,B TECH IN COMPUTER SCIENCE AND INFORMATION TECHNOLOGY,B TECH IN COMPUTER SCIENCE AND INFORMATION TECHNOLOGY,20,1,NEW,,Computer Science and Engineering,
KCET,B TECH IN COMPUTER SCIENCE AND TECHNOLOGY,B TECH IN COMPUTER SCIENCE AND TECHNOLOGY,31,2,NEW,,Computer Science and Engineering,
KCET,B TECH IN COMPUTER SCIENCE AND TECHNOLOGY(BIG DATA),B TECH IN COMPUTER SCIENCE AND TECHNOLOGY(BIG DATA),12,1,NEW,,Computer Science and Engineering,
KCET,B TECH IN COMPUTER SCIENCE AND TECHNOLOGY(DEV OPS),B TECH IN COMPUTER SCIENCE AND TECHNOLOGY(DEV OPS),12,1,NEW,,Computer Science and Engineering,
KCET,B TECH IN COMPUTER SCIENCE(AI &ML),B TECH IN COMPUTER SCIENCE(AI &ML),38,2,NEW,,Artificial Intelligence / Machine Learning / Data Science,
KCET,B TECH IN COMPUTER SCIENCE(CLOUD COMPUTING),B TECH IN COMPUTER SCIENCE(CLOUD COMPUTING),6,1,NEW,,Computer Science and Engineering,
KCET,B TECH IN COMPUTER SCIENCE(CYBER SECURITY),B TECH IN COMPUTER SCIENCE(CYBER SECURITY),14,1,NEW,,Cyber Security,
KCET,B TECH IN COMPUTER SCIENCE(DATA SCIENCE),B TECH IN COMPUTER SCIENCE(DATA SCIENCE),12,1,NEW,,Artificial Intelligence / Machine Learning / Data Science,
KCET,B TECH IN COMPUTER SCIENCE(INFORMATION SECURITY),B TECH IN COMPUTER SCIENCE(INFORMATION SECURITY),1,1,NEW,,Computer Science and Engineering,
KCET,B TECH IN ELECTRICAL & ELECTRONICS ENGINEERING,B TECH IN ELECTRICAL & ELECTRONICS ENGINEERING,77,9,NEW,,Electrical Engineering,
KCET,B TECH IN ELECTRONICS & COMMUNICATION ENGINEERING,B TECH IN ELECTRONICS & COMMUNICATION ENGINEERING,202,16,NEW,,Electronics and Communication Engineering,
KCET,B TECH IN ELECTRONICS & COMPUTER ENGINEERING,B TECH IN ELECTRONICS & COMPUTER ENGINEERING,28,3,NEW,,Computer Science and Engineering,
KCET,B TECH IN ENERGY ENGINEERING,B TECH IN ENERGY ENGINEERING,1,1,NEW,,Energy Engineering,
KCET,B TECH IN INFORMATION SCIENCE & TECHNOLOGY,B TECH IN INFORMATION SCIENCE & TECHNOLOGY,15,1,NEW,,Computer Science and Engineering,
KCET,B TECH IN INFORMATION SCIENCE ENGINEERING,B TECH IN INFORMATION SCIENCE ENGINEERING,67,4,NEW,,Computer Science and Engineering,
KCET,B TECH IN INFORMATION TECHNOLOGY,B TECH IN INFORMATION TECHNOLOGY,26,3,NEW,,Computer Science and Engineering,
KCET,B TECH IN MATHAMATICS AND COMPUTING,B TECH IN MATHAMATICS AND COMPUTING,8,1,NEW,,Mathematics and Computing,
KCET,B TECH IN MECHANICAL ENGINEERING,B TECH IN MECHANICAL ENGINEERING,53,8,NEW,,Mechanical Engineering,
KCET,B TECH IN MECHATRONICS ENGINEERING,B TECH IN MECHATRONICS ENGINEERING,10,1,NEW,,Mechatronics,
KCET,B TECH IN PETROLEUM ENGINEERING,B TECH IN PETROLEUM ENGINEERING,1,1,NEW,,Chemical Engineering,
KCET,B TECH IN ROBOTIC ENGINEERING,B TECH IN ROBOTIC ENGINEERING,1,1,NEW,,Robotics and Automation,
KCET,B TECH IN ROBOTICS AND ARTIFICIAL INTELLIGENCE,B TECH IN ROBOTICS AND ARTIFICIAL INTELLIGENCE,46,4,NEW,,Artificial Intelligence / Machine Learning / Data Science,
KCET,B TECH IN ROBOTICS AND AUTOMATION,B TECH IN ROBOTICS AND AUTOMATION,10,1,NEW,,Robotics and Automation,
KCET,B TECH IN ROBOTICS ENGINEERING,B TECH IN ROBOTICS ENGINEERING,13,1,NEW,,Robotics and Automation,
KCET,B TECH(HONS)COMPUTER SCIENCE AND ENGINEERING(DATA SCIENCE),B TECH(HONS)COMPUTER SCIENCE AND ENGINEERING(DATA SCIENCE),11,1,NEW,,Artificial Intelligence / Machine Learning / Data Science,
KCET,B.PLAN,B.PLAN,1,1,NEW,,Planning,
KCET,B.TECH IN BIOTECHNOLOGY & BIO-ENGINEERING,B.TECH IN BIOTECHNOLOGY & BIO-ENGINEERING,10,1,NEW,,Biotechnology,
KCET,B.TECH IN CIVIL CONSTRUCTION AND SUSTAINABILITY ENGINEERING,B.TECH IN CIVIL CONSTRUCTION AND SUSTAINABILITY ENGINEERING,1,1,NEW,,Civil Engineering,
KCET,B.TECH IN COMPUTER ENGINEERING(SOFTWARE PRODUCT DEVELOPMENT),B.TECH IN COMPUTER ENGINEERING(SOFTWARE PRODUCT DEVELOPMENT),14,1,NEW,,Computer Science and Engineering,
KCET,B.TECH IN COMPUTER SCIENCE & ENGINEERING(BUSINESS SYSTEMS),B.TECH IN COMPUTER SCIENCE & ENGINEERING(BUSINESS SYSTEMS),1,1,NEW,,Computer Science and Engineering,
KCET,B.TECH IN COMPUTER SCIENCE AND ARTIFICIAL INTELLIGENCE,B.TECH IN COMPUTER SCIENCE AND ARTIFICIAL INTELLIGENCE,13,1,NEW,,Artificial Intelligence / Machine Learning / Data Science,
KCET,B.TECH IN COMPUTER SCIENCE AND ENGINEERING(CLOUD COMPUTING),B.TECH IN COMPUTER SCIENCE AND ENGINEERING(CLOUD COMPUTING),9,1,NEW,,Computer Science and Engineering,
KCET,B.TECH IN COMPUTER SCIENCE AND ENGINEERING(DEV OPS),B.TECH IN COMPUTER SCIENCE AND ENGINEERING(DEV OPS),6,1,NEW,,Computer Science and Engineering,
KCET,B.TECH IN COMPUTER SCIENCE AND ENGINEERING(FULL STACK DEVELOPMENT),B.TECH IN COMPUTER SCIENCE AND ENGINEERING(FULL STACK DEVELOPMENT),8,1,NEW,,Computer Science and Engineering,
KCET,B.TECH IN COMPUTER SCIENCE AND ENGINEERING(ROBOTICS),B.TECH IN COMPUTER SCIENCE AND ENGINEERING(ROBOTICS),9,1,NEW,,Computer Science and Engineering,
KCET,B.TECH IN COMPUTER SCIENCE AND MEDICAL ENGINEERING,B.TECH IN COMPUTER SCIENCE AND MEDICAL ENGINEERING,11,1,NEW,,Computer Science and Engineering,
KCET,B.TECH IN COMPUTER SCIENCE(INTERNET OF THINGS),B.TECH IN COMPUTER SCIENCE(INTERNET OF THINGS),10,2,NEW,,Computer Science and Engineering,
KCET,B.TECH IN COMPUTER SICENCE AND ENGINEERING(DATA ANALYTICS),B.TECH IN COMPUTER SICENCE AND ENGINEERING(DATA ANALYTICS),9,1,NEW,,Artificial Intelligence / Machine Learning / Data Science,
KCET,B.TECH IN ELECTRICAL AND ELECTRONICS ENGINEERING(ELECTRICAL VEHICLE TECHNOLOGY),B.TECH IN ELECTRICAL AND ELECTRONICS ENGINEERING(ELECTRICAL VEHICLE TECHNOLOGY),1,1,NEW,,Electrical and Electronics Engineering,
KCET,B.TECH IN ELECTRICAL ENGINEERING AND COMPUTER SCIENCE,B.TECH IN ELECTRICAL ENGINEERING AND COMPUTER SCIENCE,7,1,NEW,,Computer Science and Engineering,
KCET,B.TECH IN ELECTRONICS ENGINEERING,B.TECH IN ELECTRONICS ENGINEERING,1,1,NEW,,Electronics Engineering,
KCET,B.TECH IN ELECTRONICS ENGINEERING(VLSI AND EMBEDDED SYSTEM),B.TECH IN ELECTRONICS ENGINEERING(VLSI AND EMBEDDED SYSTEM),1,1,NEW,,Electronics and Communication Engineering,
KCET,B.TECH IN EMBEDDED SYSTEM AND VLSI,B.TECH IN EMBEDDED SYSTEM AND VLSI,6,1,NEW,,Electronics and Communication Engineering,
KCET,B.TECH IN MECHANICAL AND AEROSPACE ENGINEERING,B.TECH IN MECHANICAL AND AEROSPACE ENGINEERING,1,1,NEW,,Mechanical Engineering,
KCET,B.TECH IN VLSI,B.TECH IN VLSI,8,1,NEW,,Electronics and Communication Engineering,
KCET,BACHELOR OF DESIGN(INTERIOR DESIGN),BACHELOR OF DESIGN(INTERIOR DESIGN),1,1,NEW,,Design,
KCET,BIOMEDICAL AND ROBOTIC ENGINEERING,BIOMEDICAL AND ROBOTIC ENGINEERING,1,1,NEW,,Biomedical Engineering,
KCET,BTECH IN COMPUTER SCIENCE AND BUSINESS SYSTEMS,BTECH IN COMPUTER SCIENCE AND BUSINESS SYSTEMS,22,1,NEW,,Computer Science and Engineering,
KCET,BTECH IN COMPUTER SCIENCE AND DESIGN,BTECH IN COMPUTER SCIENCE AND DESIGN,14,1,NEW,,Computer Science and Engineering,
KCET,BTECH IN ELECTRONICS ENGINEERING(VLSI DESIGN & TECHNOLOGY),BTECH IN ELECTRONICS ENGINEERING(VLSI DESIGN & TECHNOLOGY),13,1,NEW,,Electronics and Communication Engineering,
KCET,BTECH IN INFORMATION TECHNOLOGY AUGMENTED REALITY AND VIRUTAL REALITY(AR/VR),BTECH IN INFORMATION TECHNOLOGY AUGMENTED REALITY AND VIRUTAL REALITY(AR/VR),8,1,NEW,,Artificial Intelligence / Machine Learning / Data Science,
KCET,BTECH IN INFORMATION TECHNOLOGY DATA ANALYTICS,BTECH IN INFORMATION TECHNOLOGY DATA ANALYTICS,11,1,NEW,,Artificial Intelligence / Machine Learning / Data Science,
KCET,BTECH IN MECHANICAL AND SMART MANUFACTURING,BTECH IN MECHANICAL AND SMART MANUFACTURING,1,1,NEW,,Mechanical Engineering,
KCET,CERAMICS & CEMENT ENGINEERING,CERAMICS & CEMENT ENGINEERING,1,1,NEW,,Metallurgical and Materials Engineering,
KCET,CIVIL ENGINEERING WITH COMPUTER APPLICATION,CIVIL ENGINEERING WITH COMPUTER APPLICATION,1,1,NEW,,Computer Science and Engineering,
KCET,CIVIL ENVIRONMENTAL ENGINEERING,CIVIL ENVIRONMENTAL ENGINEERING,1,1,NEW,,Civil Engineering,
KCET,COMMUNICATION DESIGN,COMMUNICATION DESIGN,1,1,NEW,,Design,
KCET,COMPUTER AND COMMUNICATION ENGINEERING,COMPUTER AND COMMUNICATION ENGINEERING,13,1,NEW,,Computer Science and Engineering,
KCET,COMPUTER SCIENCE & TECHNOLOGY,COMPUTER SCIENCE & TECHNOLOGY,1,1,NEW,,Computer Science and Engineering,
KCET,COMPUTER SCIENCE AND ENGINEERING(AIML),COMPUTER SCIENCE AND ENGINEERING(AIML),14,1,NEW,,Artificial Intelligence / Machine Learning / Data Science,
KCET,COMPUTER SCIENCE AND ENGINEERING(ARTIFICAL INTELLIGENCE & DATA SCIENCE),COMPUTER SCIENCE AND ENGINEERING(ARTIFICAL INTELLIGENCE & DATA SCIENCE),30,3,NEW,,Artificial Intelligence / Machine Learning / Data Science,
KCET,COMPUTER SCIENCE AND ENGINEERING(ARTIFICIAL INTELLIGENCE AND MACHINE LEARNING),COMPUTER SCIENCE AND ENGINEERING(ARTIFICIAL INTELLIGENCE AND MACHINE LEARNING),744,63,NEW,,Artificial Intelligence / Machine Learning / Data Science,
KCET,COMPUTER SCIENCE AND ENGINEERING(ARTIFICIAL INTELLIGENCE),COMPUTER SCIENCE AND ENGINEERING(ARTIFICIAL INTELLIGENCE),88,7,NEW,,Artificial Intelligence / Machine Learning / Data Science,
KCET,COMPUTER SCIENCE AND ENGINEERING(CYBER SECURITY),COMPUTER SCIENCE AND ENGINEERING(CYBER SECURITY),169,28,NEW,,Cyber Security,
KCET,COMPUTER SCIENCE AND ENGINEERING(INTERNET OF THINGS & CYBER SECURITY INCLUDING BLOCK CHAIN TECH),COMPUTER SCIENCE AND ENGINEERING(INTERNET OF THINGS & CYBER SECURITY INCLUDING BLOCK CHAIN TECH),225,28,NEW,,Cyber Security,
KCET,COMPUTER SCIENCE AND ENGINEERING(INTERNET OF THINGS),COMPUTER SCIENCE AND ENGINEERING(INTERNET OF THINGS),1,1,NEW,,Computer Science and Engineering,
KCET,CONSTRUCTION TECHNOLOGY AND MGMT,CONSTRUCTION TECHNOLOGY AND MGMT,1,1,NEW,,Civil Engineering,
KCET,DATA SCIENCES,DATA SCIENCES,3,3,NEW,,Artificial Intelligence / Machine Learning / Data Science,
KCET,ELECTRICAL & COMPUTER ENGINEERING,ELECTRICAL & COMPUTER ENGINEERING,1,1,NEW,,Computer Science and Engineering,
KCET,ELECTRICAL & ELECTRONICS ENGINEERING,ELECTRICAL & ELECTRONICS ENGINEERING,600,84,NEW,,Electrical Engineering,
KCET,ELECTRONICS & COMMUNICATION ENGINEERING(INDUSTRIAL INTEGTATED),ELECTRONICS & COMMUNICATION ENGINEERING(INDUSTRIAL INTEGTATED),1,1,NEW,,Electronics and Communication Engineering,
KCET,ELECTRONICS & COMPUTER ENGINEERING,ELECTRONICS & COMPUTER ENGINEERING,45,5,NEW,,Computer Science and Engineering,
KCET,ELECTRONICS & COMPUTER SCIENCE,ELECTRONICS & COMPUTER SCIENCE,1,1,NEW,,Computer Science and Engineering,
KCET,ELECTRONICS & INSTRUMENTATION ENGINEERING,ELECTRONICS & INSTRUMENTATION ENGINEERING,19,1,NEW,,Electronics Engineering,
KCET,ELECTRONICS AND COMMUNICATION ENGINEERING,ELECTRONICS AND COMMUNICATION ENGINEERING,1657,183,NEW,,Electronics and Communication Engineering,
KCET,ELECTRONICS AND COMMUNICATION ENGINEERING(VLSI DESIGN AND TECHNOLOGY),ELECTRONICS AND COMMUNICATION ENGINEERING(VLSI DESIGN AND TECHNOLOGY),21,2,NEW,,Electronics and Communication Engineering,
KCET,ELECTRONICS AND COMMUNICATION(ADVANCED COMMUNICATION TECHNOLOGY),ELECTRONICS AND COMMUNICATION(ADVANCED COMMUNICATION TECHNOLOGY),14,1,NEW,,Electronics and Communication Engineering,
KCET,ELECTRONICS AND INSTRUMENTATION ENGINEERING,ELECTRONICS AND INSTRUMENTATION ENGINEERING,86,8,NEW,,Electronics Engineering,
KCET,ELECTRONICS AND TELECOMMUNICATION ENGINEERING,ELECTRONICS AND TELECOMMUNICATION ENGINEERING,106,9,NEW,,Electronics and Communication Engineering,
KCET,ELECTRONICS ENGINEERING(VLSI DESIGN & TECHNOLOGY),ELECTRONICS ENGINEERING(VLSI DESIGN & TECHNOLOGY),55,9,NEW,,Electronics and Communication Engineering,
KCET,INDUSTRIAL & PRODUCTION ENGINEERING,INDUSTRIAL & PRODUCTION ENGINEERING,16,2,NEW,,Production / Industrial Engineering,
KCET,INDUSTRIAL ENGINEERING & MANAGEMENT,INDUSTRIAL ENGINEERING & MANAGEMENT,67,5,NEW,,Production / Industrial Engineering,
KCET,INFORMATION SCIENCE,INFORMATION SCIENCE,1,1,NEW,,Computer Science and Engineering,
KCET,INFORMATION SCIENCE AND ENGINEERING,INFORMATION SCIENCE AND ENGINEERING,821,97,NEW,,Computer Science and Engineering,
KCET,MECHANICAL AND SMART MANUFACTURING,MECHANICAL AND SMART MANUFACTURING,1,1,NEW,,Mechanical Engineering,
KCET,MECHATRONICS,MECHATRONICS,7,3,NEW,,Mechatronics,
KCET,MEDICAL ELECTRONICS ENGINEERING,MEDICAL ELECTRONICS ENGINEERING,24,2,NEW,,Electronics Engineering,
KCET,POLYMER SCIENCE & TECHNOLOGY,POLYMER SCIENCE & TECHNOLOGY,1,1,NEW,,Chemical Engineering,
KCET,SILK TECHNOLOGY,SILK TECHNOLOGY,1,1,NEW,,Textile / Fashion Technology,
KCET,TEXTILES TECHNOLOGY,TEXTILES TECHNOLOGY,2,2,NEW,,Textile / Fashion Technology,
KEAM,Applied Electronics & Instrumentation,Applied Electronics & Instrumentation,171,4,NEW,,Electronics Engineering,
KEAM,B.Tech Agricultural Engineering,B.Tech Agricultural Engineering,17,4,NEW,,Agricultural Engineering,
KEAM,B.Tech Agriculture Engineering,B.Tech Agriculture Engineering,60,5,NEW,,Agricultural Engineering,
KEAM,B.Tech. (Agricultural Engg.),B.Tech. (Agricultural Engg.),36,1,NEW,,Agricultural Engineering,
KEAM,B.Tech. (Agrl. Engg.),B.Tech. (Agrl. Engg.),25,1,NEW,,Agricultural Engineering,
KEAM,Bio Technology and Biochemical Engg.,Bio Technology and Biochemical Engg.,42,2,NEW,,Chemical Engineering,
KEAM,Bio Technology and Biochemical Engineering,Bio Technology and Biochemical Engineering,20,2,NEW,,Chemical Engineering,
KEAM,Biomedical & Robotic Engineering,Biomedical & Robotic Engineering,21,1,NEW,,Biomedical Engineering,
KEAM,Civil Engineering with Computer Application,Civil Engineering with Computer Application,21,2,NEW,,Computer Science and Engineering,
KEAM,Computer Science & Design,Computer Science & Design,36,4,NEW,,Computer Science and Engineering,
KEAM,Computer Science & Engineering,Computer Science & Engineering,1660,107,NEW,,Computer Science and Engineering,
KEAM,Computer Science & Engineering (Artificial Intelligence),Computer Science & Engineering (Artificial Intelligence),207,15,NEW,,Artificial Intelligence / Machine Learning / Data Science,
KEAM,Computer Science & Engineering (Data Science),Computer Science & Engineering (Data Science),464,21,NEW,,Artificial Intelligence / Machine Learning / Data Science,
KEAM,Computer Science & Engineering (Internet of Things & Cyber Security including Block Chain,Computer Science & Engineering (Internet of Things & Cyber Security including Block Chain,6,1,NEW,,Cyber Security,
KEAM,Computer Science & Engineering (Internet of Things & Cyber Security including Block Chain),Computer Science & Engineering (Internet of Things & Cyber Security including Block Chain),19,1,NEW,,Cyber Security,
KEAM,Computer Science & Engineering and Business Systems,Computer Science & Engineering and Business Systems,25,1,NEW,,Computer Science and Engineering,
KEAM,Computer Science and Engineering (Artificial Intelligence and Machine Learning),Computer Science and Engineering (Artificial Intelligence and Machine Learning),357,17,NEW,,Artificial Intelligence / Machine Learning / Data Science,
KEAM,Computer Science and Engineering (Artificial Intelligence),Computer Science and Engineering (Artificial Intelligence),386,18,NEW,,Artificial Intelligence / Machine Learning / Data Science,
KEAM,Computer Science and Engineering (Cyber Security),Computer Science and Engineering (Cyber Security),594,29,NEW,,Cyber Security,
KEAM,Cyber Physical Systems,Cyber Physical Systems,76,3,NEW,,Cyber Security,
KEAM,Dairy Technology,Dairy Technology,70,4,NEW,,Dairy Technology,
KEAM,Dairy Technology.,Dairy Technology.,107,4,NEW,,Dairy Technology,
KEAM,Electronics & Biomedical Engg,Electronics & Biomedical Engg,15,1,NEW,,Electronics Engineering,
KEAM,Electronics & Biomedical Engineering,Electronics & Biomedical Engineering,27,1,NEW,,Electronics Engineering,
KEAM,Electronics & Communication,Electronics & Communication,1050,97,NEW,,Electronics and Communication Engineering,
KEAM,Electronics & Instrumentation,Electronics & Instrumentation,48,2,NEW,,Electronics Engineering,
KEAM,Electronics Engineering (VLSI Design & Technology),Electronics Engineering (VLSI Design & Technology),95,6,NEW,,Electronics and Communication Engineering,
KEAM,Electronics and Communication Engineering,Electronics and Communication Engineering,1702,104,NEW,,Electronics and Communication Engineering,
KEAM,Instrumentation & Control Engg.,Instrumentation & Control Engg.,65,2,NEW,,Instrumentation Engineering,
KEAM,Mechanical (Automobile),Mechanical (Automobile),10,2,NEW,,Mechanical Engineering,
KEAM,Mechanical Engg. (Automobile),Mechanical Engg. (Automobile),22,2,NEW,,Mechanical Engineering,
KEAM,Mechanical Engineering (Industry Integrated),Mechanical Engineering (Industry Integrated),10,2,NEW,,Mechanical Engineering,
KEAM,Metallurgical and Materials Engineering,Metallurgical and Materials Engineering,23,1,NEW,,Metallurgical and Materials Engineering,
KEAM,Naval Arch. & Ship Building Engineering,Naval Arch. & Ship Building Engineering,32,2,NEW,,Marine / Naval Engineering,
KEAM,Naval Architecture & Ship Building Engineering,Naval Architecture & Ship Building Engineering,61,3,NEW,,Architecture,
KEAM,Robotics & Automation,Robotics & Automation,71,4,NEW,,Robotics and Automation,
KEAM,Robotics and Automation Engineering,Robotics and Automation Engineering,57,5,NEW,,Robotics and Automation,
KEAM,Safety & Fire Engineering,Safety & Fire Engineering,89,4,NEW,,Safety and Fire Engineering,
MHT-CET,Civil Engineering (Structural Engineering),Civil Engineering (Structural Engineering),14,1,NEW,,Civil Engineering,
MHT-CET,Civil Engineering with Computer Application,Civil Engineering with Computer Application,4,1,NEW,,Computer Science and Engineering,
MHT-CET,Computer Engineering (Regional Language),Computer Engineering (Regional Language),22,1,NEW,,Computer Science and Engineering,
MHT-CET,Computer Science and Engineering (Artificial Intelligence),Computer Science and Engineering (Artificial Intelligence),64,5,NEW,,Artificial Intelligence / Machine Learning / Data Science,
MHT-CET,Computer Science and Engineering (Cyber Security),Computer Science and Engineering (Cyber Security),79,6,NEW,,Cyber Security,
MHT-CET,Computer Science and Engineering (Internet of Things and Cyber Security Including Block Chain,Computer Science and Engineering (Internet of Things and Cyber Security Including Block Chain,178,12,NEW,,Cyber Security,
MHT-CET,Computer Science and Engineering(Artificial Intelligence and Machine Learning),Computer Science and Engineering(Artificial Intelligence and Machine Learning),1107,51,NEW,,Artificial Intelligence / Machine Learning / Data Science,
MHT-CET,Computer Science and Engineering(Cyber Security),Computer Science and Engineering(Cyber Security),73,4,NEW,,Cyber Security,
MHT-CET,ELECTRONICS AND COMMUNICATION ENGINEERING (BIO-MEDICAL ENGINEERING),ELECTRONICS AND COMMUNICATION ENGINEERING (BIO-MEDICAL ENGINEERING),19,1,NEW,,Electronics and Communication Engineering,
MHT-CET,"Electrical, Electronics and Power","Electrical, Electronics and Power",26,1,NEW,,Electrical Engineering,
MHT-CET,Electronics & Telecommunication Engineering,Electronics & Telecommunication Engineering,22,1,NEW,,Electronics and Communication Engineering,
MHT-CET,Electronics Engineering ( VLSI Design and Technology),Electronics Engineering ( VLSI Design and Technology),216,11,NEW,,Electronics and Communication Engineering,
MHT-CET,Electronics and Communication (Advanced Communication Technology),Electronics and Communication (Advanced Communication Technology),11,2,NEW,,Electronics and Communication Engineering,
MHT-CET,Electronics and Communication Engineering,Electronics and Communication Engineering,109,8,NEW,,Electronics and Communication Engineering,
MHT-CET,Electronics and Communication(Advanced Communication Technology),Electronics and Communication(Advanced Communication Technology),93,4,NEW,,Electronics and Communication Engineering,
MHT-CET,Fashion Technology,Fashion Technology,11,1,NEW,,Textile / Fashion Technology,
MHT-CET,MECHANICAL AND RAIL ENGINEERING,MECHANICAL AND RAIL ENGINEERING,23,1,NEW,,Mechanical Engineering,
MHT-CET,Mechanical Engineering Automobile,Mechanical Engineering Automobile,8,1,NEW,,Mechanical Engineering,
MHT-CET,Mechanical and Automation Engineering,Mechanical and Automation Engineering,4,1,NEW,,Mechanical Engineering,
MHT-CET,Mechanical and Mechatronics Engineering (Additive Manufacturing),Mechanical and Mechatronics Engineering (Additive Manufacturing),48,4,NEW,,Mechatronics,
MHT-CET,Pharm D ( Doctor of Pharmacy),Pharm D ( Doctor of Pharmacy),514,27,NEW,,Pharmacy,
MHT-CET,Printing and Packing Technology,Printing and Packing Technology,23,1,NEW,,Production / Industrial Engineering,
MHT-CET,Technical Textiles,Technical Textiles,12,1,NEW,,Textile / Fashion Technology,
MHT-CET,Textile Chemistry,Textile Chemistry,18,1,NEW,,Textile / Fashion Technology,
NEET,BDS,BDS,2477,270,NEW,,Dentistry,
NEET,BSc Nursing,BSc Nursing,65,9,NEW,,Nursing,
OJEE,ARTIFICIAL INTELLIGENT(AI),ARTIFICIAL INTELLIGENT(AI),1,1,NEW,,Artificial Intelligence / Machine Learning / Data Science,
OJEE,Agriculture Engineering,Agriculture Engineering,7,4,NEW,,Agricultural Engineering,
OJEE,Agriculture Engineering - TFW,Agriculture Engineering,1,1,NEW,,Agricultural Engineering,
OJEE,Aircraft Maintenance Engineering,Aircraft Maintenance Engineering,2,1,NEW,,Aerospace Engineering,
OJEE,Applied Electronics & Instrumentation,Applied Electronics & Instrumentation,2,2,NEW,,Electronics Engineering,
OJEE,Applied Electronics & Instrumentation - TFW,Applied Electronics & Instrumentation,1,1,NEW,,Electronics Engineering,
OJEE,Artificial Intelligence & Machine Learning,Artificial Intelligence & Machine Learning,8,3,NEW,,Artificial Intelligence / Machine Learning / Data Science,
OJEE,Artificial Intelligence & Machine Learning - TFW,Artificial Intelligence & Machine Learning,2,2,NEW,,Artificial Intelligence / Machine Learning / Data Science,
OJEE,B ARCH,B ARCH,16,3,NEW,,Architecture,
OJEE,B. PLAN,B. PLAN,2,1,NEW,,Planning,
OJEE,B. PLAN - TFW,B. PLAN,1,1,NEW,,Planning,
OJEE,B. Tech in Civil Engineering & M.Tech in Structural Engineering (5 year Integrated UG & PG),B. Tech in Civil Engineering & M.Tech in Structural Engineering (5 year Integrated UG & PG),4,1,NEW,,Civil Engineering,
OJEE,B. Tech in Computer Science & Engineering & M.Tech in Computer Science & Engineering ( 5,B. Tech in Computer Science & Engineering & M.Tech in Computer Science & Engineering ( 5,4,1,NEW,,Computer Science and Engineering,
OJEE,B. Tech in Electrical Engineering & M.Tech in Power System Engineering (5 year Integrated UG,B. Tech in Electrical Engineering & M.Tech in Power System Engineering (5 year Integrated UG,3,1,NEW,,Electrical Engineering,
OJEE,B. Tech in Electronics & Communication Engineering & M.Tech in Signal Processing & Commu,B. Tech in Electronics & Communication Engineering & M.Tech in Signal Processing & Commu,3,1,NEW,,Electronics and Communication Engineering,
OJEE,B. Tech in Mechanical Engineering & M.Tech in Machine Design (5 year integrated UG & PG),B. Tech in Mechanical Engineering & M.Tech in Machine Design (5 year integrated UG & PG),3,1,NEW,,Mechanical Engineering,
OJEE,COMPUTER SCIENCE & TECHNOLOGY,COMPUTER SCIENCE & TECHNOLOGY,6,3,NEW,,Computer Science and Engineering,
OJEE,COMPUTER SCIENCE & TECHNOLOGY - TFW,COMPUTER SCIENCE & TECHNOLOGY,2,2,NEW,,Computer Science and Engineering,
OJEE,Cinematography,Cinematography,1,1,NEW,,Animation / Media Technology,
OJEE,Computer Science & Engineering (Artificail Inteligence),Computer Science & Engineering (Artificail Inteligence),10,3,NEW,,Computer Science and Engineering,
OJEE,Computer Science & Engineering (Artificail Inteligence) - TFW,Computer Science & Engineering (Artificail Inteligence),3,3,NEW,,Computer Science and Engineering,
OJEE,Computer Science Engineering (Artificial Inteligence and Machine Learning),Computer Science Engineering (Artificial Inteligence and Machine Learning),30,10,NEW,,Artificial Intelligence / Machine Learning / Data Science,
OJEE,Computer Science Engineering (Artificial Inteligence and Machine Learning) - TFW,Computer Science Engineering (Artificial Inteligence and Machine Learning),7,7,NEW,,Artificial Intelligence / Machine Learning / Data Science,
OJEE,Computer Science Engineering with specialization in Artificial Intelligence and Machine Learning,Computer Science Engineering with specialization in Artificial Intelligence and Machine Learning,26,3,NEW,,Artificial Intelligence / Machine Learning / Data Science,
OJEE,Computer Science Engineering with specialization in Information and Cyber Security (SSC) - TFW,Computer Science Engineering with specialization in Information and Cyber Security,1,1,NEW,,Cyber Security,
OJEE,Computer Science Engineering with specialization in Information and Cyber Security (SSC),Computer Science Engineering with specialization in Information and Cyber Security,7,1,NEW,,Cyber Security,
OJEE,Computer Science and Engineering(Cyber Security) - TFW,Computer Science and Engineering(Cyber Security),3,3,NEW,,Cyber Security,
OJEE,Computer Science and Engineering(Cyber Security),Computer Science and Engineering(Cyber Security),6,3,NEW,,Cyber Security,
OJEE,Computer science & Engineering (Data Science),Computer science & Engineering (Data Science),26,10,NEW,,Artificial Intelligence / Machine Learning / Data Science,
OJEE,Computer science & Engineering (Data Science) - TFW,Computer science & Engineering (Data Science),7,7,NEW,,Artificial Intelligence / Machine Learning / Data Science,
OJEE,Electronics & Communication Engineering,Electronics & Communication Engineering,62,23,NEW,,Electronics and Communication Engineering,
OJEE,Electronics & Communication Engineering - TFW,Electronics & Communication Engineering,8,8,NEW,,Electronics and Communication Engineering,
OJEE,Electronics & Communication Engineering(SSC),Electronics & Communication Engineering,5,1,NEW,,Electronics and Communication Engineering,
OJEE,Electronics & Communication Engineering(SSC) - TFW,Electronics & Communication Engineering,1,1,NEW,,Electronics and Communication Engineering,
OJEE,Electronics & Instrumentation Engineering,Electronics & Instrumentation Engineering,9,2,NEW,,Electronics Engineering,
OJEE,Electronics & Instrumentation Engineering - TFW,Electronics & Instrumentation Engineering,2,2,NEW,,Electronics Engineering,
OJEE,Electronics & Telecommunication Engineering(SSC),Electronics & Telecommunication Engineering,7,1,NEW,,Electronics and Communication Engineering,
OJEE,Electronics & Telecommunication Engineering(SSC) - TFW,Electronics & Telecommunication Engineering,1,1,NEW,,Electronics and Communication Engineering,
OJEE,Electronics & Telecommunication Engineering,Electronics & Telecommunication Engineering,37,13,NEW,,Electronics and Communication Engineering,
OJEE,Electronics & Telecommunication Engineering - TFW,Electronics & Telecommunication Engineering,7,7,NEW,,Electronics and Communication Engineering,
OJEE,Electronics Engineering (VLSI Design and Technology),Electronics Engineering (VLSI Design and Technology),4,2,NEW,,Electronics and Communication Engineering,
OJEE,Electronics Engineering (VLSI Design and Technology) - TFW,Electronics Engineering (VLSI Design and Technology),1,1,NEW,,Electronics and Communication Engineering,
OJEE,Film Editing,Film Editing,4,1,NEW,,Animation / Media Technology,
OJEE,Integrated M.Sc. in Material Science and Engg,Integrated M.Sc. in Material Science and Engg,1,1,NEW,,,
OJEE,Integrated MSc in Applied Physics,Integrated MSc in Applied Physics,3,1,NEW,,Physics,
OJEE,Integrated MSc in Chemistry,Integrated MSc in Chemistry,3,1,NEW,,Chemistry,
OJEE,Integrated MSc in Mathematics and Computing,Integrated MSc in Mathematics and Computing,3,1,NEW,,Mathematics and Computing,
OJEE,MECHANICAL AND SMART MANUFACTURING,MECHANICAL AND SMART MANUFACTURING,4,1,NEW,,Mechanical Engineering,
OJEE,MECHANICAL AND SMART MANUFACTURING - TFW,MECHANICAL AND SMART MANUFACTURING,1,1,NEW,,Mechanical Engineering,
OJEE,Manufacturing Engineering & Technology,Manufacturing Engineering & Technology,1,1,NEW,,Production / Industrial Engineering,
OJEE,Manufacturing Engineering & Technology - TFW,Manufacturing Engineering & Technology,1,1,NEW,,Production / Industrial Engineering,
OJEE,Mechanical & Mechatronics Engineering(Additive Manufacturing),Mechanical & Mechatronics Engineering(Additive Manufacturing),1,1,NEW,,Mechatronics,
OJEE,Mechanical Engineering (Artificial Intelligence and Robotics),Mechanical Engineering (Artificial Intelligence and Robotics),8,1,NEW,,Artificial Intelligence / Machine Learning / Data Science,
OJEE,Mechanical Engineering (Artificial Intelligence and Robotics) - TFW,Mechanical Engineering (Artificial Intelligence and Robotics),1,1,NEW,,Artificial Intelligence / Machine Learning / Data Science,
OJEE,Metallurgical Engineering,Metallurgical Engineering,5,5,NEW,,Metallurgical and Materials Engineering,
OJEE,Metallurgical and Materials Engineering,Metallurgical and Materials Engineering,32,5,NEW,,Metallurgical and Materials Engineering,
OJEE,Metallurgical and Materials Engineering - TFW,Metallurgical and Materials Engineering,5,5,NEW,,Metallurgical and Materials Engineering,
OJEE,Mineral Engineering,Mineral Engineering,3,1,NEW,,Mining Engineering,
OJEE,Mineral Engineering - TFW,Mineral Engineering,1,1,NEW,,Mining Engineering,
OJEE,Plastic Engineering,Plastic Engineering,2,1,NEW,,Chemical Engineering,
OJEE,Plastic Engineering - TFW,Plastic Engineering,1,1,NEW,,Chemical Engineering,
OJEE,SOUND RECORDING AND SOUND DESIGN,SOUND RECORDING AND SOUND DESIGN,1,1,NEW,,Design,
TG-EAPCET,B.PLANNING,B.PLANNING,22,1,NEW,,Planning,
TG-EAPCET,BUILDING SERVICES ENGG,BUILDING SERVICES ENGG,22,1,NEW,,Civil Engineering,
TG-EAPCET,COMPUTER SCIENCE & DESIGN,COMPUTER SCIENCE & DESIGN,22,1,NEW,,Computer Science and Engineering,
TG-EAPCET,COMPUTER SCIENCE & ENGINEERING (NETWORKS),COMPUTER SCIENCE & ENGINEERING (NETWORKS),22,1,NEW,,Computer Science and Engineering,
TG-EAPCET,COMPUTER SCIENCE AND BUSINESS SYSTEM,COMPUTER SCIENCE AND BUSINESS SYSTEM,154,7,NEW,,Computer Science and Engineering,
TG-EAPCET,COMPUTER SCIENCE AND ENGG (ARTIFICIAL INTELLIGENCE),COMPUTER SCIENCE AND ENGG (ARTIFICIAL INTELLIGENCE),66,3,NEW,,Artificial Intelligence / Machine Learning / Data Science,
TG-EAPCET,COMPUTER SCIENCE AND ENGINEERING (ARTIFICIAL INTELLIGENCE AND MACHINE LEARNING),COMPUTER SCIENCE AND ENGINEERING (ARTIFICIAL INTELLIGENCE AND MACHINE LEARNING),2541,122,NEW,,Artificial Intelligence / Machine Learning / Data Science,
TG-EAPCET,COMPUTER SCIENCE AND ENGINEERING (CYBER SECURITY),COMPUTER SCIENCE AND ENGINEERING (CYBER SECURITY),594,28,NEW,,Cyber Security,
TG-EAPCET,CSE (IoT AND CYBER SECURITY INCLUDING BLOCK CHAIN TECHNOLOGY),CSE (IoT AND CYBER SECURITY INCLUDING BLOCK CHAIN TECHNOLOGY),44,2,NEW,,Cyber Security,
TG-EAPCET,DAIRYING,DAIRYING,22,1,NEW,,Dairy Technology,
TG-EAPCET,DIGITAL TECHNIQUES FOR DESIGN AND PLANNING,DIGITAL TECHNIQUES FOR DESIGN AND PLANNING,22,1,NEW,,Planning,
TG-EAPCET,ELECTRONICS AND COMMUNICATION ENGINEERING,ELECTRONICS AND COMMUNICATION ENGINEERING,2882,138,NEW,,Electronics and Communication Engineering,
TG-EAPCET,ELECTRONICS AND INSTRUMENTATION ENGINEERING,ELECTRONICS AND INSTRUMENTATION ENGINEERING,66,3,NEW,,Electronics Engineering,
TG-EAPCET,ELECTRONICS AND TELEMATICS,ELECTRONICS AND TELEMATICS,11,1,NEW,,Electronics Engineering,
TG-EAPCET,ELECTRONICS COMMUNICATION AND INSTRUMENTATION ENGINEERING,ELECTRONICS COMMUNICATION AND INSTRUMENTATION ENGINEERING,22,1,NEW,,Electronics and Communication Engineering,
TG-EAPCET,ELECTRONICS ENGINEERING (VLSI DESIGN AND TECHNOLOGY),ELECTRONICS ENGINEERING (VLSI DESIGN AND TECHNOLOGY),88,4,NEW,,Electronics and Communication Engineering,
TG-EAPCET,GEO INFORMATICS,GEO INFORMATICS,22,1,NEW,,Computer Science and Engineering,
TG-EAPCET,MECHANICAL (MECHTRONICS) ENGINEERING,MECHANICAL (MECHTRONICS) ENGINEERING,22,1,NEW,,Mechanical Engineering,
TG-EAPCET,METALLURGICAL ENGINEERING,METALLURGICAL ENGINEERING,22,1,NEW,,Metallurgical and Materials Engineering,
TG-EAPCET,METALLURGY AND MATERIAL ENGINEERING,METALLURGY AND MATERIAL ENGINEERING,22,1,NEW,,Metallurgical and Materials Engineering,
TG-EAPCET,TEXTILE TECHNOLOGY / TEXTILE ENGINEERING,TEXTILE TECHNOLOGY / TEXTILE ENGINEERING,44,2,NEW,,Textile / Fashion Technology,
TNEA,APPAREL TECHNOLOGY (SS),APPAREL TECHNOLOGY,6,1,NEW,,Textile / Fashion Technology,
TNEA,B.Plan,B.Plan,7,1,NEW,,Planning,
TNEA,Bachelor of Design,Bachelor of Design,3,2,NEW,,Design,
TNEA,Bio Technology and Bio Chemical Engineering,Bio Technology and Bio Chemical Engineering,6,1,NEW,,Chemical Engineering,
TNEA,CERAMIC TECHNOLOGY (SS),CERAMIC TECHNOLOGY,7,1,NEW,,Metallurgical and Materials Engineering,
TNEA,CHEMICAL AND ELECTRO CHEMICAL ENGINEERING (SS),CHEMICAL AND ELECTRO CHEMICAL ENGINEERING,5,1,NEW,,Chemical Engineering,
TNEA,CIVIL AND STRUCTUTURAL ENGINEERING,CIVIL AND STRUCTUTURAL ENGINEERING,6,1,NEW,,Civil Engineering,
TNEA,CIVIL ENGINEERING (TAMIL MEDIUM),CIVIL ENGINEERING (TAMIL MEDIUM),54,11,NEW,,Civil Engineering,
TNEA,COMPUTER AND COMMUNICATION ENGINEERING,COMPUTER AND COMMUNICATION ENGINEERING,45,9,NEW,,Computer Science and Engineering,
TNEA,COMPUTER SCIENCE AND BUSSINESS SYSTEM,COMPUTER SCIENCE AND BUSSINESS SYSTEM,313,69,NEW,,Computer Science and Engineering,
TNEA,COMPUTER SCIENCE AND ENGINEERING (AI AND MACHINE LEARNING),COMPUTER SCIENCE AND ENGINEERING (AI AND MACHINE LEARNING),609,129,NEW,,Artificial Intelligence / Machine Learning / Data Science,
TNEA,COMPUTER SCIENCE AND ENGINEERING (TAMIL),COMPUTER SCIENCE AND ENGINEERING (TAMIL),6,1,NEW,,Computer Science and Engineering,
TNEA,COMPUTER SCIENCE AND ENGINEERING(ARTIFICIAL INTELLIGENCE),COMPUTER SCIENCE AND ENGINEERING(ARTIFICIAL INTELLIGENCE),5,1,NEW,,Artificial Intelligence / Machine Learning / Data Science,
TNEA,Civil Engineering (Environmental Engineering),Civil Engineering (Environmental Engineering),6,1,NEW,,Civil Engineering,
TNEA,Computer Science and Business System (SS),Computer Science and Business System,6,1,NEW,,Computer Science and Engineering,
TNEA,Computer Science and Engineering (Artificial Intelligence and Machine Learning) (SS),Computer Science and Engineering (Artificial Intelligence and Machine Learning),13,2,NEW,,Artificial Intelligence / Machine Learning / Data Science,
TNEA,Computer Science and Engineering (Cyber Security),Computer Science and Engineering (Cyber Security),619,132,NEW,,Cyber Security,
TNEA,Computer Science and Engineering (Internet of Things and Cyber Security including Block Chain Technology),Computer Science and Engineering (Internet of Things and Cyber Security including Block Chain Technology),6,1,NEW,,Cyber Security,
TNEA,Computer Science and Engineering (Internet of Things),Computer Science and Engineering (Internet of Things),48,9,NEW,,Computer Science and Engineering,
TNEA,ELECTRONICS AND COMMUNICATION ENGINEERING,ELECTRONICS AND COMMUNICATION ENGINEERING,1801,392,NEW,,Electronics and Communication Engineering,
TNEA,ELECTRONICS AND COMMUNICATION ENGINEERING (SS),ELECTRONICS AND COMMUNICATION ENGINEERING,32,5,NEW,,Electronics and Communication Engineering,
TNEA,ELECTRONICS AND INSTRUMENTATION ENGINEERING,ELECTRONICS AND INSTRUMENTATION ENGINEERING,91,17,NEW,,Electronics Engineering,
TNEA,ENVIRONMENTAL SCIENCE & TECHNOLOGY,ENVIRONMENTAL SCIENCE & TECHNOLOGY,1,1,NEW,,Environmental Engineering,
TNEA,Electronics Engineering (VLSI Design and Technology) (SS),Electronics Engineering (VLSI Design and Technology),7,1,NEW,,Electronics and Communication Engineering,
TNEA,Electronics Engineering (VLSI Design and Technology),Electronics Engineering (VLSI Design and Technology),122,24,NEW,,Electronics and Communication Engineering,
TNEA,Electronics and Communication (Advanced Communication Technology),Electronics and Communication (Advanced Communication Technology),22,4,NEW,,Electronics and Communication Engineering,
TNEA,FASHION TECHNOLOGY (SS),FASHION TECHNOLOGY,6,1,NEW,,Textile / Fashion Technology,
TNEA,FASHION TECHNOLOGY,FASHION TECHNOLOGY,26,8,NEW,,Textile / Fashion Technology,
TNEA,GEO INFORMATICS,GEO INFORMATICS,16,3,NEW,,Computer Science and Engineering,
TNEA,HANDLOOM AND TEXTILE TECHNOLOGY,HANDLOOM AND TEXTILE TECHNOLOGY,7,1,NEW,,Textile / Fashion Technology,
TNEA,INDUSTRIAL BIO TECHNOLOGY,INDUSTRIAL BIO TECHNOLOGY,18,3,NEW,,Biotechnology,
TNEA,INDUSTRIAL BIO TECHNOLOGY (SS),INDUSTRIAL BIO TECHNOLOGY,6,1,NEW,,Biotechnology,
TNEA,INDUSTRIAL ENGINEERING AND MANAGEMENT,INDUSTRIAL ENGINEERING AND MANAGEMENT,1,1,NEW,,Production / Industrial Engineering,
TNEA,Interior Design (SS),Interior Design,7,1,NEW,,Design,
TNEA,Interior Design,Interior Design,2,1,NEW,,Design,
TNEA,LEATHER TECHNOLOGY,LEATHER TECHNOLOGY,7,1,NEW,,,
TNEA,M.Tech. Computer Science and Engineering (Integrated 5 years),M.Tech. Computer Science and Engineering (Integrated 5 years),42,7,NEW,,Computer Science and Engineering,
TNEA,MATERIAL SCIENCE AND ENGINEERING (SS),MATERIAL SCIENCE AND ENGINEERING,6,1,NEW,,,
TNEA,MECHANICAL AND AUTOMATION ENGINEERING,MECHANICAL AND AUTOMATION ENGINEERING,13,4,NEW,,Mechanical Engineering,
TNEA,MECHANICAL ENGINEERING (MANUFACTURING),MECHANICAL ENGINEERING (MANUFACTURING),5,1,NEW,,Mechanical Engineering,
TNEA,MECHANICAL ENGINEERING (TAMIL MEDIUM),MECHANICAL ENGINEERING (TAMIL MEDIUM),57,13,NEW,,Mechanical Engineering,
TNEA,MECHATRONICS (SS),MECHATRONICS,7,1,NEW,,Mechatronics,
TNEA,MEDICAL ELECTRONICS ENGINEERING,MEDICAL ELECTRONICS ENGINEERING,25,6,NEW,,Electronics Engineering,
TNEA,METALLURGICAL ENGINEERING,METALLURGICAL ENGINEERING,14,2,NEW,,Metallurgical and Materials Engineering,
TNEA,METALLURGICAL ENGINEERING (SS),METALLURGICAL ENGINEERING,6,1,NEW,,Metallurgical and Materials Engineering,
TNEA,Mechanical Engineering (Automobile),Mechanical Engineering (Automobile),11,2,NEW,,Mechanical Engineering,
TNEA,Mechanical and Mechatronics Engineering (Additive Manufacturing),Mechanical and Mechatronics Engineering (Additive Manufacturing),5,1,NEW,,Mechatronics,
TNEA,Mechanical and Smart Manufacturing,Mechanical and Smart Manufacturing,7,1,NEW,,Mechanical Engineering,
TNEA,PETROLEUM ENGINEERING AND TECHNOLOGY (SS),PETROLEUM ENGINEERING AND TECHNOLOGY,6,1,NEW,,Chemical Engineering,
TNEA,PHARMACEUTICAL TECHNOLOGY (SS),PHARMACEUTICAL TECHNOLOGY,7,1,NEW,,Pharmacy,
TNEA,PHARMACEUTICAL TECHNOLOGY,PHARMACEUTICAL TECHNOLOGY,32,8,NEW,,Pharmacy,
TNEA,PRINTING & PACKING TECHNOLOGY,PRINTING & PACKING TECHNOLOGY,6,1,NEW,,Production / Industrial Engineering,
TNEA,RUBBER AND PLASTIC TECHNOLOGY,RUBBER AND PLASTIC TECHNOLOGY,6,1,NEW,,Chemical Engineering,
WBJEE,ARTIFICIAL INTELLIGENCE (AI),ARTIFICIAL INTELLIGENCE (AI),59,1,NEW,,Artificial Intelligence / Machine Learning / Data Science,
WBJEE,ARTIFICIAL INTELLIGENCE (AI) -TFW,ARTIFICIAL INTELLIGENCE (AI),10,1,NEW,,Artificial Intelligence / Machine Learning / Data Science,
WBJEE,AUGMENTED REALITY (TFW),AUGMENTED REALITY,1,1,NEW,,Artificial Intelligence / Machine Learning / Data Science,
WBJEE,Apparel & Production Management,Apparel & Production Management,75,1,NEW,,Textile / Fashion Technology,
WBJEE,Apparel & Production Management (TFW),Apparel & Production Management,10,1,NEW,,Textile / Fashion Technology,
WBJEE,Applied Electronics & Instrumentation Engineering/ Electronics & Instrumentation Engineering,Applied Electronics & Instrumentation Engineering/ Electronics & Instrumentation Engineering,58,12,NEW,,Electronics Engineering,
WBJEE,Applied Electronics & Instrumentation Engineering/ Electronics & Instrumentation Engineering (TFW),Applied Electronics & Instrumentation Engineering/ Electronics & Instrumentation Engineering,18,6,NEW,,Electronics Engineering,
WBJEE,Applied Electronics And Instrumentation Engineering,Applied Electronics And Instrumentation Engineering,169,9,NEW,,Electronics Engineering,
WBJEE,Applied Electronics And Instrumentation Engineering (TFW),Applied Electronics And Instrumentation Engineering,21,3,NEW,,Electronics Engineering,
WBJEE,Architectural Engineering,Architectural Engineering,84,1,NEW,,Architecture,
WBJEE,B ARCH,B ARCH,8,2,NEW,,Architecture,
WBJEE,B ARCH-TFW,B ARCH,1,1,NEW,,Architecture,
WBJEE,B. PLANNING,B. PLANNING,3,1,NEW,,Planning,
WBJEE,B. PLANNING - TFW,B. PLANNING,3,1,NEW,,Planning,
WBJEE,B.ARCH,B.ARCH,11,2,NEW,,Architecture,
WBJEE,B.ARCH (TFW),B.ARCH,3,1,NEW,,Architecture,
WBJEE,B.Pharm/Pharmaceutical Technology,B.Pharm/Pharmaceutical Technology,714,57,NEW,,Pharmacy,
WBJEE,B.Pharm/Pharmaceutical Technology (TFW),B.Pharm/Pharmaceutical Technology,195,47,NEW,,Pharmacy,
WBJEE,CERAMIC ENGINEERING AND TECHNOLOGY,CERAMIC ENGINEERING AND TECHNOLOGY,45,1,NEW,,Metallurgical and Materials Engineering,
WBJEE,CERAMIC ENGINEERING AND TECHNOLOGY - TFW,CERAMIC ENGINEERING AND TECHNOLOGY,5,1,NEW,,Metallurgical and Materials Engineering,
WBJEE,"CERAMIC ENGINEERING, OIL TECHNOLOGY, PETROCHEM & PETRO REFINERY ENGG, PHARMACEUTICAL & FINE CHEMICAL TECHNOLOGY","CERAMIC ENGINEERING, OIL TECHNOLOGY, PETROCHEM & PETRO REFINERY ENGG, PHARMACEUTICAL & FINE CHEMICAL TECHNOLOGY",18,1,NEW,,Chemical Engineering,
WBJEE,"CERAMIC ENGINEERING, OIL TECHNOLOGY, PETROCHEM & PETRO REFINERY ENGG, PHARMACEUTICAL & FINE CHEMICAL TECHNOLOGY - TFW","CERAMIC ENGINEERING, OIL TECHNOLOGY, PETROCHEM & PETRO REFINERY ENGG, PHARMACEUTICAL & FINE CHEMICAL TECHNOLOGY",3,1,NEW,,Chemical Engineering,
WBJEE,CHEMICAL TECHNOLOGY (Ceramic Engineering),CHEMICAL TECHNOLOGY (Ceramic Engineering),12,1,NEW,,Chemical Engineering,
WBJEE,CHEMICAL TECHNOLOGY (Ceramic Engineering) (TFW),CHEMICAL TECHNOLOGY (Ceramic Engineering),1,1,NEW,,Chemical Engineering,
WBJEE,"CHEMICAL TECHNOLOGY (Ceramic Engineering, Oil Technology, Petrochem & petro refinery Engg, Pharmaceutical & Fine Chemical Technology)","CHEMICAL TECHNOLOGY (Ceramic Engineering, Oil Technology, Petrochem & petro refinery Engg, Pharmaceutical & Fine Chemical Technology)",36,1,NEW,,Chemical Engineering,
WBJEE,"CHEMICAL TECHNOLOGY (Ceramic Engineering, Oil Technology, Petrochem & petro refinery Engg, Pharmaceutical & Fine Chemical Technology) - TFW","CHEMICAL TECHNOLOGY (Ceramic Engineering, Oil Technology, Petrochem & petro refinery Engg, Pharmaceutical & Fine Chemical Technology)",5,1,NEW,,Chemical Engineering,
WBJEE,CHEMICAL TECHNOLOGY (Oil Technology),CHEMICAL TECHNOLOGY (Oil Technology),11,1,NEW,,Chemical Engineering,
WBJEE,CHEMICAL TECHNOLOGY (Oil Technology) (TFW),CHEMICAL TECHNOLOGY (Oil Technology),1,1,NEW,,Chemical Engineering,
WBJEE,CHEMICAL TECHNOLOGY (Petrochem & Petro refinery Engineering),CHEMICAL TECHNOLOGY (Petrochem & Petro refinery Engineering),12,1,NEW,,Chemical Engineering,
WBJEE,CHEMICAL TECHNOLOGY (Petrochem & Petro refinery Engineering) (TFW),CHEMICAL TECHNOLOGY (Petrochem & Petro refinery Engineering),1,1,NEW,,Chemical Engineering,
WBJEE,CHEMICAL TECHNOLOGY (Pharmaceutical & Fine Chemical Technology),CHEMICAL TECHNOLOGY (Pharmaceutical & Fine Chemical Technology),12,1,NEW,,Chemical Engineering,
WBJEE,CHEMICAL TECHNOLOGY (Pharmaceutical & Fine Chemical Technology) (TFW),CHEMICAL TECHNOLOGY (Pharmaceutical & Fine Chemical Technology),1,1,NEW,,Chemical Engineering,
WBJEE,CLOUD COMPUTING,CLOUD COMPUTING,4,1,NEW,,,
WBJEE,CLOUD COMPUTING - TFW,CLOUD COMPUTING,2,1,NEW,,,
WBJEE,COMPUTER SCIENCE & ENGINEERING,COMPUTER SCIENCE & ENGINEERING,561,81,NEW,,Computer Science and Engineering,
WBJEE,COMPUTER SCIENCE & ENGINEERING - TFW,COMPUTER SCIENCE & ENGINEERING,156,52,NEW,,Computer Science and Engineering,
WBJEE,COMPUTER SCIENCE & ENGINEERING (ARTIFICIAL INTELLIGENCE & CYBER SECURITY),COMPUTER SCIENCE & ENGINEERING (ARTIFICIAL INTELLIGENCE & CYBER SECURITY),4,1,NEW,,Artificial Intelligence / Machine Learning / Data Science,
WBJEE,COMPUTER SCIENCE & ENGINEERING (ARTIFICIAL INTELLIGENCE & DATA SCIENCE),COMPUTER SCIENCE & ENGINEERING (ARTIFICIAL INTELLIGENCE & DATA SCIENCE),3,1,NEW,,Artificial Intelligence / Machine Learning / Data Science,
WBJEE,COMPUTER SCIENCE & ENGINEERING (ARTIFICIAL INTELLIGENCE & ROBOTICS),COMPUTER SCIENCE & ENGINEERING (ARTIFICIAL INTELLIGENCE & ROBOTICS),6,2,NEW,,Artificial Intelligence / Machine Learning / Data Science,
WBJEE,COMPUTER SCIENCE & ENGINEERING (DATA SCIENCE & ARTIFICIAL INTELLIGENCE),COMPUTER SCIENCE & ENGINEERING (DATA SCIENCE & ARTIFICIAL INTELLIGENCE),6,1,NEW,,Artificial Intelligence / Machine Learning / Data Science,
WBJEE,COMPUTER SCIENCE & ENGINEERING (GAMING),COMPUTER SCIENCE & ENGINEERING (GAMING),5,1,NEW,,Computer Science and Engineering,
WBJEE,COMPUTER SCIENCE & ENGINEERING (GAMING) (TFW),COMPUTER SCIENCE & ENGINEERING (GAMING),3,1,NEW,,Computer Science and Engineering,
WBJEE,COMPUTER SCIENCE & ENGINEERING (INTERNET OF THINGS),COMPUTER SCIENCE & ENGINEERING (INTERNET OF THINGS),36,5,NEW,,Computer Science and Engineering,
WBJEE,COMPUTER SCIENCE & ENGINEERING (INTERNET OF THINGS) (TFW),COMPUTER SCIENCE & ENGINEERING (INTERNET OF THINGS),13,5,NEW,,Computer Science and Engineering,
WBJEE,COMPUTER SCIENCE & ENGINEERING (IOT ),COMPUTER SCIENCE & ENGINEERING (IOT ),3,1,NEW,,Computer Science and Engineering,
WBJEE,COMPUTER SCIENCE & ENGINEERING (IOT ) - TFW,COMPUTER SCIENCE & ENGINEERING (IOT ),3,1,NEW,,Computer Science and Engineering,
WBJEE,COMPUTER SCIENCE & ENGINEERING (NETWORKS),COMPUTER SCIENCE & ENGINEERING (NETWORKS),4,1,NEW,,Computer Science and Engineering,
WBJEE,COMPUTER SCIENCE & ENGINEERING (NETWORKS) - TFW,COMPUTER SCIENCE & ENGINEERING (NETWORKS),1,1,NEW,,Computer Science and Engineering,
WBJEE,COMPUTER SCIENCE & ENGINEERING (ROBOTICS AND ARTIFICIAL INTELLIGENCE),COMPUTER SCIENCE & ENGINEERING (ROBOTICS AND ARTIFICIAL INTELLIGENCE),5,2,NEW,,Artificial Intelligence / Machine Learning / Data Science,
WBJEE,COMPUTER SCIENCE & ENGINEERING (ROBOTICS AND ARTIFICIAL INTELLIGENCE) - TFW,COMPUTER SCIENCE & ENGINEERING (ROBOTICS AND ARTIFICIAL INTELLIGENCE),3,1,NEW,,Artificial Intelligence / Machine Learning / Data Science,
WBJEE,COMPUTER SCIENCE & TECHNOLOGY,COMPUTER SCIENCE & TECHNOLOGY,8,1,NEW,,Computer Science and Engineering,
WBJEE,COMPUTER SCIENCE & TECHNOLOGY - TFW,COMPUTER SCIENCE & TECHNOLOGY,3,1,NEW,,Computer Science and Engineering,
WBJEE,COMPUTER SCIENCE AND APPLIED MATHEMATICS,COMPUTER SCIENCE AND APPLIED MATHEMATICS,11,1,NEW,,Computer Science and Engineering,
WBJEE,COMPUTER SCIENCE AND APPLIED MATHEMATICS - TFW,COMPUTER SCIENCE AND APPLIED MATHEMATICS,3,1,NEW,,Computer Science and Engineering,
WBJEE,"Ceramic Engineering, Oil Technology, Petrochem & Petro Refinery Engg, Pharmaceutical & Fine Chemical Technology","Ceramic Engineering, Oil Technology, Petrochem & Petro Refinery Engg, Pharmaceutical & Fine Chemical Technology",23,1,NEW,,Chemical Engineering,
WBJEE,"Ceramic Engineering, Oil Technology, Petrochem & Petro Refinery Engg, Pharmaceutical & Fine Chemical Technology - TFW","Ceramic Engineering, Oil Technology, Petrochem & Petro Refinery Engg, Pharmaceutical & Fine Chemical Technology",4,1,NEW,,Chemical Engineering,
WBJEE,Ceramic Enginering And Technology,Ceramic Enginering And Technology,34,1,NEW,,Metallurgical and Materials Engineering,
WBJEE,Ceramic Enginering And Technology (TFW),Ceramic Enginering And Technology,7,1,NEW,,Metallurgical and Materials Engineering,
WBJEE,Computer Science & Business System,Computer Science & Business System,66,11,NEW,,Computer Science and Engineering,
WBJEE,Computer Science & Business System (TFW),Computer Science & Business System,53,11,NEW,,Computer Science and Engineering,
WBJEE,Computer Science & Engineering,Computer Science & Engineering,2724,94,NEW,,Computer Science and Engineering,
WBJEE,Computer Science & Engineering - TFW,Computer Science & Engineering,684,84,NEW,,Computer Science and Engineering,
WBJEE,Computer Science & Engineering (Artificial Intelligence And Machine Learning),Computer Science & Engineering (Artificial Intelligence And Machine Learning),777,47,NEW,,Artificial Intelligence / Machine Learning / Data Science,
WBJEE,Computer Science & Engineering (Artificial Intelligence And Machine Learning) (TFW),Computer Science & Engineering (Artificial Intelligence And Machine Learning),261,42,NEW,,Artificial Intelligence / Machine Learning / Data Science,
WBJEE,Computer Science & Engineering (Artificial Intelligence),Computer Science & Engineering (Artificial Intelligence),51,6,NEW,,Artificial Intelligence / Machine Learning / Data Science,
WBJEE,Computer Science & Engineering (Artificial Intelligence) (TFW),Computer Science & Engineering (Artificial Intelligence),26,6,NEW,,Artificial Intelligence / Machine Learning / Data Science,
WBJEE,Computer Science & Engineering (Cyber Security),Computer Science & Engineering (Cyber Security),224,17,NEW,,Cyber Security,
WBJEE,Computer Science & Engineering (Cyber Security) (TFW),Computer Science & Engineering (Cyber Security),89,14,NEW,,Cyber Security,
WBJEE,Computer Science & Engineering (Data Science),Computer Science & Engineering (Data Science),467,28,NEW,,Artificial Intelligence / Machine Learning / Data Science,
WBJEE,Computer Science & Engineering (Data Science) (TFW),Computer Science & Engineering (Data Science),140,23,NEW,,Artificial Intelligence / Machine Learning / Data Science,
WBJEE,Computer Science & Engineering (IOT),Computer Science & Engineering (IOT),56,9,NEW,,Computer Science and Engineering,
WBJEE,Computer Science & Engineering (IOT) - TFW,Computer Science & Engineering (IOT),33,9,NEW,,Computer Science and Engineering,
WBJEE,Computer Science & Engineering (Internet Of Things And Cyber Security Including Block Chain Technology),Computer Science & Engineering (Internet Of Things And Cyber Security Including Block Chain Technology),112,10,NEW,,Cyber Security,
WBJEE,Computer Science & Engineering (Internet Of Things And Cyber Security Including Block Chain Technology) (TFW),Computer Science & Engineering (Internet Of Things And Cyber Security Including Block Chain Technology),35,9,NEW,,Cyber Security,
WBJEE,Computer Science & Technology,Computer Science & Technology,77,5,NEW,,Computer Science and Engineering,
WBJEE,Computer Science & Technology - TFW,Computer Science & Technology,29,5,NEW,,Computer Science and Engineering,
WBJEE,Computer Science And Business System,Computer Science And Business System,226,13,NEW,,Computer Science and Engineering,
WBJEE,Computer Science And Business System (TFW),Computer Science And Business System,76,14,NEW,,Computer Science and Engineering,
WBJEE,Construction Engineering,Construction Engineering,105,1,NEW,,Civil Engineering,
WBJEE,Construction Engineering (TFW),Construction Engineering,13,1,NEW,,Civil Engineering,
WBJEE,Dairy Technology,Dairy Technology,77,1,NEW,,Dairy Technology,
WBJEE,ELECTRICAL & COMPUTER ENGINEERING,ELECTRICAL & COMPUTER ENGINEERING,16,4,NEW,,Computer Science and Engineering,
WBJEE,ELECTRICAL & COMPUTER ENGINEERING (TFW),ELECTRICAL & COMPUTER ENGINEERING,5,3,NEW,,Computer Science and Engineering,
WBJEE,ELECTRONICS & COMPUTER SCIENCE,ELECTRONICS & COMPUTER SCIENCE,71,8,NEW,,Computer Science and Engineering,
WBJEE,ELECTRONICS & COMPUTER SCIENCE - TFW,ELECTRONICS & COMPUTER SCIENCE,25,9,NEW,,Computer Science and Engineering,
WBJEE,ELECTRONICS AND COMPUTER SCIENCE (ECS),ELECTRONICS AND COMPUTER SCIENCE (ECS),5,1,NEW,,Computer Science and Engineering,
WBJEE,ELECTRONICS AND COMPUTER SCIENCE (ECS) - TFW,ELECTRONICS AND COMPUTER SCIENCE (ECS),3,1,NEW,,Computer Science and Engineering,
WBJEE,ELECTRONICS ENGINEERING (VLSI DESIGN AND TECHNOLOGY),ELECTRONICS ENGINEERING (VLSI DESIGN AND TECHNOLOGY),88,3,NEW,,Electronics and Communication Engineering,
WBJEE,ELECTRONICS ENGINEERING (VLSI DESIGN AND TECHNOLOGY)-TFW,ELECTRONICS ENGINEERING (VLSI DESIGN AND TECHNOLOGY),15,3,NEW,,Electronics and Communication Engineering,
WBJEE,Electrical & Electronics Engineering,Electrical & Electronics Engineering,75,7,NEW,,Electrical Engineering,
WBJEE,Electrical & Electronics Engineering (TFW),Electrical & Electronics Engineering,22,4,NEW,,Electrical Engineering,
WBJEE,Electronics & Communication Engineering,Electronics & Communication Engineering,1457,74,NEW,,Electronics and Communication Engineering,
WBJEE,Electronics & Communication Engineering (TFW),Electronics & Communication Engineering,338,44,NEW,,Electronics and Communication Engineering,
WBJEE,Electronics & Communication Engineering (Industry Integrated),Electronics & Communication Engineering (Industry Integrated),3,1,NEW,,Electronics and Communication Engineering,
WBJEE,Electronics & Communication Engineering (Vlsi Design),Electronics & Communication Engineering (Vlsi Design),3,1,NEW,,Electronics and Communication Engineering,
WBJEE,Electronics & Communication Engineering/Electronics & Telecommunication Engineering,Electronics & Communication Engineering/Electronics & Telecommunication Engineering,300,66,NEW,,Electronics and Communication Engineering,
WBJEE,Electronics & Communication Engineering/Electronics & Telecommunication Engineering (TFW),Electronics & Communication Engineering/Electronics & Telecommunication Engineering,78,26,NEW,,Electronics and Communication Engineering,
WBJEE,Electronics & Tele-Communication Engineering,Electronics & Tele-Communication Engineering,91,1,NEW,,Electronics Engineering,
WBJEE,Electronics & Tele-Communication Engineering (TFW),Electronics & Tele-Communication Engineering,9,1,NEW,,Electronics Engineering,
WBJEE,Electronics And Computer Science (ESC),Electronics And Computer Science (ESC),22,3,NEW,,Computer Science and Engineering,
WBJEE,Electronics And Computer Science (ESC) - TFW,Electronics And Computer Science (ESC),6,3,NEW,,Computer Science and Engineering,
WBJEE,Electronics And Instrumentation Engineering,Electronics And Instrumentation Engineering,94,4,NEW,,Electronics Engineering,
WBJEE,Electronics And Instrumentation Engineering (TFW),Electronics And Instrumentation Engineering,19,4,NEW,,Electronics Engineering,
WBJEE,Food Technology And Bio Chemical Engineering,Food Technology And Bio Chemical Engineering,91,1,NEW,,Chemical Engineering,
WBJEE,Food Technology And Bio Chemical Engineering (TFW),Food Technology And Bio Chemical Engineering,9,1,NEW,,Chemical Engineering,
WBJEE,Instrumentation & Electronics,Instrumentation & Electronics,83,1,NEW,,Electronics Engineering,
WBJEE,Instrumentation & Electronics (TFW),Instrumentation & Electronics,8,1,NEW,,Electronics Engineering,
WBJEE,Instrumentation Engineering/Instrumentation & Electronics Engineering,Instrumentation Engineering/Instrumentation & Electronics Engineering,37,2,NEW,,Electronics Engineering,
WBJEE,Instrumentation Engineering/Instrumentation & Electronics Engineering (TFW),Instrumentation Engineering/Instrumentation & Electronics Engineering,6,2,NEW,,Electronics Engineering,
WBJEE,Jute & Fibre Technology,Jute & Fibre Technology,88,2,NEW,,,
WBJEE,Jute & Fibre Technology (TFW),Jute & Fibre Technology,16,2,NEW,,,
WBJEE,Leather Technology,Leather Technology,82,1,NEW,,,
WBJEE,Leather Technology (TFW),Leather Technology,12,1,NEW,,,
WBJEE,Marine Engineering/Marine Technology,Marine Engineering/Marine Technology,10,1,NEW,,Marine / Naval Engineering,
WBJEE,Metallurgical And Materials Engineering,Metallurgical And Materials Engineering,91,2,NEW,,Metallurgical and Materials Engineering,
WBJEE,Metallurgical And Materials Engineeringwith Tfw,Metallurgical And Materials Engineeringwith Tfw,7,2,NEW,,Metallurgical and Materials Engineering,
WBJEE,Metallurgical Engineering,Metallurgical Engineering,80,1,NEW,,Metallurgical and Materials Engineering,
WBJEE,Metallurgical Engineering (TFW),Metallurgical Engineering,8,1,NEW,,Metallurgical and Materials Engineering,
WBJEE,Mining Engineeringwith Tfw,Mining Engineeringwith Tfw,4,1,NEW,,Mining Engineering,
WBJEE,Optics & Optoelectronics,Optics & Optoelectronics,70,1,NEW,,Electronics Engineering,
WBJEE,Optics & Optoelectronics (TFW),Optics & Optoelectronics,11,1,NEW,,Electronics Engineering,
WBJEE,PRINTING & PACKAGING TECHNOLOGY,PRINTING & PACKAGING TECHNOLOGY,17,1,NEW,,Production / Industrial Engineering,
WBJEE,PRINTING & PACKAGING TECHNOLOGY (TFW),PRINTING & PACKAGING TECHNOLOGY,1,1,NEW,,Production / Industrial Engineering,
WBJEE,Polymer Science & Technology,Polymer Science & Technology,77,1,NEW,,Chemical Engineering,
WBJEE,Polymer Science & Technology (TFW),Polymer Science & Technology,14,1,NEW,,Chemical Engineering,
WBJEE,Power Engineering,Power Engineering,84,1,NEW,,,
WBJEE,Power Engineering (TFW),Power Engineering,12,1,NEW,,,
WBJEE,Power Engineering/Power Plant Engineering,Power Engineering/Power Plant Engineering,21,1,NEW,,,
WBJEE,Power Engineering/Power Plant Engineering (TFW),Power Engineering/Power Plant Engineering,3,1,NEW,,,
WBJEE,Printing Engineering/Printing Technology,Printing Engineering/Printing Technology,20,1,NEW,,Production / Industrial Engineering,
WBJEE,Printing Engineering/Printing Technology (TFW),Printing Engineering/Printing Technology,3,1,NEW,,Production / Industrial Engineering,
WBJEE,ROBOTICS & ARTIFICIAL INTELLIGENCE,ROBOTICS & ARTIFICIAL INTELLIGENCE,2,1,NEW,,Artificial Intelligence / Machine Learning / Data Science,
WBJEE,ROBOTICS & ARTIFICIAL INTELLIGENCE (TFW),ROBOTICS & ARTIFICIAL INTELLIGENCE,2,1,NEW,,Artificial Intelligence / Machine Learning / Data Science,
WBJEE,Robotic Engineering,Robotic Engineering,5,1,NEW,,Robotics and Automation,
WBJEE,Robotics And Automation Engineering,Robotics And Automation Engineering,1,1,NEW,,Robotics and Automation,
WBJEE,Semiconductor Technology,Semiconductor Technology,3,1,NEW,,,
WBJEE,Semiconductor Technology (TFW),Semiconductor Technology,2,1,NEW,,,
WBJEE,VIRTUAL REALITY (AR/VR) (TFW),VIRTUAL REALITY (AR/VR),2,1,NEW,,,
AP-EAPCET,ASE,Aerospace Engineering,21,1,already in branch sheet,AERO,Aerospace Engineering,expanded from EAPCET code ASE (official course list)
AP-EAPCET,AGR,Agricultural Engineering,159,8,already in branch sheet,AGRIENG004,Agricultural Engineering,expanded from EAPCET code AGR (official course list)
AP-EAPCET,AI,Artificial Intelligence,193,10,already in branch sheet,AIML024,Artificial Intelligence,expanded from EAPCET code AI (official course list)
AP-EAPCET,AID,Artificial Intelligence And Data Science,1057,51,already in branch sheet,AIML022,Artificial Intelligence,expanded from EAPCET code AID (official course list)
AP-EAPCET,AIM,Artificial Intelligence And Machine Learning,943,46,already in branch sheet,AIML023,Artificial Intelligence,expanded from EAPCET code AIM (official course list)
AP-EAPCET,AUT,Automobile Engineering,36,1,already in branch sheet,AUTOENG003,Automobile Engineering,expanded from EAPCET code AUT (official course list)
AP-EAPCET,BIO,Bio-Technology,40,2,already in branch sheet,BIOTECH006,Biotechnology,expanded from EAPCET code BIO (official course list)
AP-EAPCET,CHE,Chemical Engineering,164,8,already in branch sheet,CHEMENG009,Chemical Engineering,expanded from EAPCET code CHE (official course list)
AP-EAPCET,CIV,Civil Engineering,2415,129,already in branch sheet,CIVILENG014,Civil Engineering,expanded from EAPCET code CIV (official course list)
AP-EAPCET,CSW,Computer Engineering (Software Engineering),65,2,already in branch sheet,CSIT074,Computer Science And Engineering,expanded from EAPCET code CSW (official course list)
AP-EAPCET,CSB,Computer Science And Business Systems,106,5,already in branch sheet,CSIT073,Computer Science And Engineering,expanded from EAPCET code CSB (official course list)
AP-EAPCET,CSG,Computer Science And Design,38,2,already in branch sheet,CSIT061,Computer Science And Engineering,expanded from EAPCET code CSG (official course list)
AP-EAPCET,CSE,Computer Science And Engineering,4757,230,already in branch sheet,CSIT057,Computer Science And Engineering,expanded from EAPCET code CSE (official course list)
AP-EAPCET,CSD,Computer Science And Engineering (Data Science),1810,89,already in branch sheet,CSIT059,Computer Science And Engineering,expanded from EAPCET code CSD (official course list)
AP-EAPCET,CSO,Computer Science And Engineering (IoT),117,6,already in branch sheet,CSIT071,Computer Science And Engineering,expanded from EAPCET code CSO (official course list)
AP-EAPCET,CIT,Computer Science And Information Technology,160,8,already in branch sheet,CSIT075,Computer Science And Engineering,expanded from EAPCET code CIT (official course list)
AP-EAPCET,CST,Computer Science And Technology,42,2,already in branch sheet,CSIT063,Computer Science And Engineering,expanded from EAPCET code CST (official course list)
AP-EAPCET,CS,Cyber Security,93,5,already in branch sheet,CYBERSEC,Cyber Security,expanded from EAPCET code CS (official course list)
AP-EAPCET,DS,Data Science,31,2,already in branch sheet,AIML011,Data Science,expanded from EAPCET code DS (official course list)
AP-EAPCET,EEE,Electrical And Electronics Engineering,2602,149,already in branch sheet,ELEC062,Electrical And Electronics Engineering,expanded from EAPCET code EEE (official course list)
AP-EAPCET,ECM,Electronics And Computer Engineering,69,3,already in branch sheet,ELEC057,Electronics And Communications Engineering,expanded from EAPCET code ECM (official course list)
AP-EAPCET,ENV,Environmental Engineering,20,1,already in branch sheet,ENVENG,Environmental Engineering,expanded from EAPCET code ENV (official course list)
AP-EAPCET,FDE,Food Engineering,20,1,already in branch sheet,FOODENG,Food Engineering,expanded from EAPCET code FDE (official course list)
AP-EAPCET,FDT,Food Technology,60,3,already in branch sheet,FOODENG005,Food Engineering,expanded from EAPCET code FDT (official course list)
AP-EAPCET,INF,Information Technology,960,49,already in branch sheet,CSIT012,Information Technology,expanded from EAPCET code INF (official course list)
AP-EAPCET,IOT,Internet Of Things (IoT),20,1,already in branch sheet,INDENG015,Industrial / Manufacturing / Production Engineering,expanded from EAPCET code IOT (official course list)
AP-EAPCET,MEC,Mechanical Engineering,2715,145,already in branch sheet,MECHENG018,Mechanical Engineering ,expanded from EAPCET code MEC (official course list)
AP-EAPCET,MMT,Metallurgy And Material Technology,18,1,already in branch sheet,MEMS017,Metallurgy Engineering And Material Science,expanded from EAPCET code MMT (official course list)
AP-EAPCET,MIN,Mining Engineering,75,3,already in branch sheet,MININGENG005,Mining Engineering,expanded from EAPCET code MIN (official course list)
AP-EAPCET,PEE,Petroleum Engineering,20,1,already in branch sheet,PETROLENG,Petroleum Engineering,expanded from EAPCET code PEE (official course list)
AP-EAPCET,PHE,Pharmaceutical Engineering,18,1,already in branch sheet,PHARMAENG,Pharmaceutical Engineering,expanded from EAPCET code PHE (official course list)
AP-EAPCET,RBT,Robotics,20,1,already in branch sheet,ROBOENG008,Robotics Engineering,expanded from EAPCET code RBT (official course list)
CollegeFees,AERONAUTICAL ENGINEERING,AERONAUTICAL ENGINEERING,34,4,already in branch sheet,AERO007,Aerospace Engineering,
CollegeFees,ARTIFICIAL INTELLIGENCE AND DATA SCIENCE,ARTIFICIAL INTELLIGENCE AND DATA SCIENCE,39,3,already in branch sheet,AIML022,Artificial Intelligence,
CollegeFees,ARTIFICIAL INTELLIGENCE AND MACHINE LEARNING,ARTIFICIAL INTELLIGENCE AND MACHINE LEARNING,104,8,already in branch sheet,AIML023,Artificial Intelligence,
CollegeFees,AUTOMOBILE ENGINEERING,AUTOMOBILE ENGINEERING,12,1,already in branch sheet,AUTOENG003,Automobile Engineering,
CollegeFees,"Aeronautical Engineering (4 Years, Bachelor of Technology)","Aeronautical Engineering (4 Years, Bachelor of Technology)",5,1,already in branch sheet,AERO003,Aerospace Engineering,
CollegeFees,"Aerospace Engineering (4 Years, Bachelor of Technology)","Aerospace Engineering (4 Years, Bachelor of Technology)",72,7,already in branch sheet,AERO001,Aerospace Engineering,
CollegeFees,"Aerospace Engineering (5 Years, Bachelor and Master of Technology (Dual Degree))","Aerospace Engineering (5 Years, Bachelor and Master of Technology (Dual Degree))",7,1,already in branch sheet,AERO002,Aerospace Engineering,
CollegeFees,"Agricultural Engineering (4 Years, Bachelor of Technology)","Agricultural Engineering (4 Years, Bachelor of Technology)",10,2,already in branch sheet,AGRIENG002,Agricultural Engineering,
CollegeFees,"Agricultural and Food Engineering (4 Years, Bachelor of Technology)","Agricultural and Food Engineering (4 Years, Bachelor of Technology)",10,1,already in branch sheet,AGRIENG001,Agricultural Engineering,
CollegeFees,"Applied Geology (4 Years, Bachelor of Science)","Applied Geology (4 Years, Bachelor of Science)",9,1,already in branch sheet,GEO005,Geology,
CollegeFees,"Applied Geology (5 Years, Integrated Master of Technology)","Applied Geology (5 Years, Integrated Master of Technology)",8,1,already in branch sheet,GEO008,Geology,
CollegeFees,"Applied Geophysics (5 Years, Integrated Master of Technology)","Applied Geophysics (5 Years, Integrated Master of Technology)",8,1,already in branch sheet,GEO007,Geophysics,
CollegeFees,"Architecture (5 Years, Bachelor of Architecture)","Architecture (5 Years, Bachelor of Architecture)",135,16,already in branch sheet,ARCH001,Architecture,
CollegeFees,"Architecture and Planning (5 Years, Bachelor of Architecture)","Architecture and Planning (5 Years, Bachelor of Architecture)",9,1,already in branch sheet,ARCH002,Architecture,
CollegeFees,"Artificial Intelligence (4 Years, Bachelor of Technology)","Artificial Intelligence (4 Years, Bachelor of Technology)",68,6,already in branch sheet,AIML002,Artificial Intelligence,
CollegeFees,"Artificial Intelligence (5 Years, Integrated B. Tech. and M. Tech.)","Artificial Intelligence (5 Years, Integrated B. Tech. and M. Tech.)",8,1,already in branch sheet,AIML016,Artificial Intelligence,
CollegeFees,"Artificial Intelligence and Data Analytics (4 Years, Bachelor of Technology)","Artificial Intelligence and Data Analytics (4 Years, Bachelor of Technology)",12,1,already in branch sheet,AIML004,Artificial Intelligence,
CollegeFees,"Artificial Intelligence and Data Engineering (4 Years, Bachelor of Technology)","Artificial Intelligence and Data Engineering (4 Years, Bachelor of Technology)",31,3,already in branch sheet,AIML008,Artificial Intelligence,
CollegeFees,"Artificial Intelligence and Data Science (4 Years, Bachelor of Technology)","Artificial Intelligence and Data Science (4 Years, Bachelor of Technology)",73,7,already in branch sheet,AIML010,Artificial Intelligence,
CollegeFees,"Artificial Intelligence and Machine Learning (4 Years, Bachelor of Technology)","Artificial Intelligence and Machine Learning (4 Years, Bachelor of Technology)",33,4,already in branch sheet,AIML014,Artificial Intelligence,
CollegeFees,"B. Tech in CE. - M. Tech. in Geotechnical Engineering (5 Years, B.Tech. + M.Tech./MS (Dual Degree))","B. Tech in CE. - M. Tech. in Geotechnical Engineering (5 Years, B.Tech. + M.Tech./MS (Dual Degree))",6,1,already in branch sheet,CIVILENG004,Civil Engineering,
CollegeFees,"B. Tech in CE. - M. Tech. in Structural Engineering (5 Years, B.Tech. + M.Tech./MS (Dual Degree))","B. Tech in CE. - M. Tech. in Structural Engineering (5 Years, B.Tech. + M.Tech./MS (Dual Degree))",5,1,already in branch sheet,CIVILENG006,Civil Engineering,
CollegeFees,"B. Tech. (CSE) and M.Tech in CSE (5 Years, B.Tech. + M.Tech./MS (Dual Degree))","B. Tech. (CSE) and M.Tech in CSE (5 Years, B.Tech. + M.Tech./MS (Dual Degree))",7,1,already in branch sheet,CSIT017,Computer Science And Engineering,
CollegeFees,"B. Tech. (ECE) -M. Tech. in VLSI (5 Years, B.Tech. + M.Tech./MS (Dual Degree))","B. Tech. (ECE) -M. Tech. in VLSI (5 Years, B.Tech. + M.Tech./MS (Dual Degree))",7,1,already in branch sheet,ELEC018,Electronics And Communications Engineering,
CollegeFees,"B. Tech. (EEE)-M. Tech. in (Power &. Control) (5 Years, B.Tech. + M.Tech./MS (Dual Degree))","B. Tech. (EEE)-M. Tech. in (Power &. Control) (5 Years, B.Tech. + M.Tech./MS (Dual Degree))",6,1,already in branch sheet,ELEC021,Electrical And Electronics Engineering,
CollegeFees,"B. Tech. (ME) - M. Tech. in Mechatronics (5 Years, B.Tech. + M.Tech./MS (Dual Degree))","B. Tech. (ME) - M. Tech. in Mechatronics (5 Years, B.Tech. + M.Tech./MS (Dual Degree))",7,1,already in branch sheet,MECHENG007,Mechanical Engineering ,
CollegeFees,"B. Tech. (Mathematics & Computing) M. Tech. in (Mathematics & Computing) (5 Years, B.Tech. + M.Tech./MS (Dual Degree))","B. Tech. (Mathematics & Computing) M. Tech. in (Mathematics & Computing) (5 Years, B.Tech. + M.Tech./MS (Dual Degree))",7,1,already in branch sheet,MNC007,Mathematics And Computing,
CollegeFees,"B.Tech (Artificial Intelligence and Data Science) - MBA in Digital Business Management (IIM Bodh Gaya) (5 Years, Bachelor of Technology and MBA (Dual Degree))","B.Tech (Artificial Intelligence and Data Science) - MBA in Digital Business Management (IIM Bodh Gaya) (5 Years, Bachelor of Technology and MBA (Dual Degree))",4,1,already in branch sheet,AIML012,Artificial Intelligence,
CollegeFees,"B.Tech (Chemical Engineering) - MBA in Hospital and Health Care Management (IIM Bodh Gaya) (5 Years, Bachelor of Technology and MBA (Dual Degree))","B.Tech (Chemical Engineering) - MBA in Hospital and Health Care Management (IIM Bodh Gaya) (5 Years, Bachelor of Technology and MBA (Dual Degree))",3,1,already in branch sheet,CHEMENG003,Chemical Engineering,
CollegeFees,"B.Tech (Chemical Science and Technology) - MBA in Hospital and Health Care Management (IIM Bodh Gaya) (5 Years, Bachelor of Technology and MBA (Dual Degree))","B.Tech (Chemical Science and Technology) - MBA in Hospital and Health Care Management (IIM Bodh Gaya) (5 Years, Bachelor of Technology and MBA (Dual Degree))",4,1,already in branch sheet,CHEMSCI004,Chemical Science,
CollegeFees,"B.Tech (Civil Engineering) - MBA (IIM Bodh Gaya) (5 Years, Bachelor of Technology and MBA (Dual Degree))","B.Tech (Civil Engineering) - MBA (IIM Bodh Gaya) (5 Years, Bachelor of Technology and MBA (Dual Degree))",4,1,already in branch sheet,CIVILENG005,Civil Engineering,
CollegeFees,"B.Tech (Computer Science and Engineering) - MBA in Digital Business Management (IIM Bodh Gaya) (5 Years, Bachelor of Technology and MBA (Dual Degree))","B.Tech (Computer Science and Engineering) - MBA in Digital Business Management (IIM Bodh Gaya) (5 Years, Bachelor of Technology and MBA (Dual Degree))",5,1,already in branch sheet,CSIT016,Computer Science And Engineering,
CollegeFees,"B.Tech (Electrical and Electronics Engineering) - MBA (IIM Bodh Gaya) (5 Years, Bachelor of Technology and MBA (Dual Degree))","B.Tech (Electrical and Electronics Engineering) - MBA (IIM Bodh Gaya) (5 Years, Bachelor of Technology and MBA (Dual Degree))",5,1,already in branch sheet,ELEC022,Electrical And Electronics Engineering,
CollegeFees,"B.Tech (Electronics and Communication Engineering) - MBA in Hospital and Healthcare Management (IIM Bodh Gaya) (5 Years, Bachelor of Technology and MBA (Dual Degree))","B.Tech (Electronics and Communication Engineering) - MBA in Hospital and Healthcare Management (IIM Bodh Gaya) (5 Years, Bachelor of Technology and MBA (Dual Degree))",4,1,already in branch sheet,ELEC020,Electronics And Communications Engineering,
CollegeFees,"B.Tech (Engineering Physics) - MBA (IIM Bodh Gaya) (5 Years, Bachelor of Technology and MBA (Dual Degree))","B.Tech (Engineering Physics) - MBA (IIM Bodh Gaya) (5 Years, Bachelor of Technology and MBA (Dual Degree))",4,1,already in branch sheet,ENGPHY003,Engineering Physics,
CollegeFees,"B.Tech (Mathematics and Computing) - MBA in Digital Business Management (IIM Bodh Gaya) (5 Years, Bachelor of Technology and MBA (Dual Degree))","B.Tech (Mathematics and Computing) - MBA in Digital Business Management (IIM Bodh Gaya) (5 Years, Bachelor of Technology and MBA (Dual Degree))",4,1,already in branch sheet,MNC008,Mathematics And Computing,
CollegeFees,"B.Tech (Mechanical Engineering) - MBA (IIM Mumbai) (5 Years, Bachelor of Technology and MBA (Dual Degree))","B.Tech (Mechanical Engineering) - MBA (IIM Mumbai) (5 Years, Bachelor of Technology and MBA (Dual Degree))",7,1,already in branch sheet,MECHENG006,Mechanical Engineering ,
CollegeFees,"B.Tech (Metallurgical and Materials Engineering) - MBA (IIM Bodh Gaya) (5 Years, Bachelor of Technology and MBA (Dual Degree))","B.Tech (Metallurgical and Materials Engineering) - MBA (IIM Bodh Gaya) (5 Years, Bachelor of Technology and MBA (Dual Degree))",5,1,already in branch sheet,MEMS006,Metallurgy Engineering And Material Science,
CollegeFees,"B.Tech in Artificial Intelligenece and Data Science (Transportation and Logistics) (4 Years, Bachelor of Technology)","B.Tech in Artificial Intelligenece and Data Science (Transportation and Logistics) (4 Years, Bachelor of Technology)",10,1,already in branch sheet,AIML017,Artificial Intelligence,
CollegeFees,"B.Tech in Aviation Engineering (4 Years, Bachelor of Technology)","B.Tech in Aviation Engineering (4 Years, Bachelor of Technology)",9,1,already in branch sheet,AERO004,Aerospace Engineering,
CollegeFees,"B.Tech in Civil Engineering (Rail Engineering) (4 Years, Bachelor of Technology)","B.Tech in Civil Engineering (Rail Engineering) (4 Years, Bachelor of Technology)",10,1,already in branch sheet,CIVILENG008,Civil Engineering,
CollegeFees,"B.Tech in Electrical Engineering ( Rail Engineering) (4 Years, Bachelor of Technology)","B.Tech in Electrical Engineering ( Rail Engineering) (4 Years, Bachelor of Technology)",9,1,already in branch sheet,ELEC040,Electrical Engineering,
CollegeFees,"B.Tech in Electronics & Communication Engineering (Rail Engineering) (4 Years, Bachelor of Technology)","B.Tech in Electronics & Communication Engineering (Rail Engineering) (4 Years, Bachelor of Technology)",8,1,already in branch sheet,ELEC041,Electronics And Communications Engineering,
CollegeFees,"B.Tech in General Engineering (4 Years, Bachelor of Technology)","B.Tech in General Engineering (4 Years, Bachelor of Technology)",9,1,already in branch sheet,GENENG001,General Engineering,
CollegeFees,"B.Tech in Materials Science and Engineering (4 Years, Bachelor of Technology)","B.Tech in Materials Science and Engineering (4 Years, Bachelor of Technology)",9,1,already in branch sheet,MEMS010,Metallurgy Engineering And Material Science,
CollegeFees,"B.Tech in Mathematics and Computing (4 Years, Bachelor of Technology)","B.Tech in Mathematics and Computing (4 Years, Bachelor of Technology)",27,3,already in branch sheet,MNC006,Mathematics And Computing,
CollegeFees,"B.Tech in Mechanical Engineering ( Rail Engineering) (4 Years, Bachelor of Technology)","B.Tech in Mechanical Engineering ( Rail Engineering) (4 Years, Bachelor of Technology)",9,1,already in branch sheet,MECHENG013,Mechanical Engineering ,
CollegeFees,"B.Tech in Mechanical Engineering and M.Tech in AI and Robotics (5 Years, B.Tech. + M.Tech./MS (Dual Degree))","B.Tech in Mechanical Engineering and M.Tech in AI and Robotics (5 Years, B.Tech. + M.Tech./MS (Dual Degree))",6,1,already in branch sheet,MECHENG011,Mechanical Engineering ,
CollegeFees,"B.Tech in Microelectronics & VLSI (4 Years, Bachelor of Technology)","B.Tech in Microelectronics & VLSI (4 Years, Bachelor of Technology)",9,1,already in branch sheet,ELEC019,Electronics And Communications Engineering,
CollegeFees,"B.Tech. in Electronics and Communication Engineering and M.Tech. in Communication Systems (5 Years, Bachelor and Master of Technology (Dual Degree))","B.Tech. in Electronics and Communication Engineering and M.Tech. in Communication Systems (5 Years, Bachelor and Master of Technology (Dual Degree))",16,2,already in branch sheet,ELEC017,Electronics And Communications Engineering,
CollegeFees,"B.Tech. in Electronics and Communication Engineering and M.Tech. in VLSI Design (5 Years, Bachelor and Master of Technology (Dual Degree))","B.Tech. in Electronics and Communication Engineering and M.Tech. in VLSI Design (5 Years, Bachelor and Master of Technology (Dual Degree))",10,1,already in branch sheet,ELEC036,Electronics And Communications Engineering,
CollegeFees,BIO- TECHNOLOGY,BIO- TECHNOLOGY,64,6,already in branch sheet,BIOTECH006,Biotechnology,
CollegeFees,BIO-MEDICAL ENGINEERING,BIO-MEDICAL ENGINEERING,4,1,already in branch sheet,BIOMEDENG005,Biomedical Engineering,
CollegeFees,"BS in Chemical Sciences (4 Years, Bachelor of Science)","BS in Chemical Sciences (4 Years, Bachelor of Science)",8,1,already in branch sheet,CHEMSCI003,Chemical Science,
CollegeFees,"BS in Economics with MBA (IIM Bodh Gaya) (5 Years, Bachelor of Science and MBA (Dual Degree))","BS in Economics with MBA (IIM Bodh Gaya) (5 Years, Bachelor of Science and MBA (Dual Degree))",5,1,already in branch sheet,ECON003,Economics,
CollegeFees,"BS in Mathematics (4 Years, Bachelor of Science)","BS in Mathematics (4 Years, Bachelor of Science)",10,1,already in branch sheet,MATH001,Mathematics,
CollegeFees,"Bachelor of Design (4 Years, Bachelor of Design)","Bachelor of Design (4 Years, Bachelor of Design)",3,1,already in branch sheet,DESIGN001,Design,
CollegeFees,"Bio Engineering (4 Years, Bachelor of Technology)","Bio Engineering (4 Years, Bachelor of Technology)",18,2,already in branch sheet,BIOENG004,Biological Engineering,
CollegeFees,"Bio Medical Engineering (4 Years, Bachelor of Technology)","Bio Medical Engineering (4 Years, Bachelor of Technology)",22,3,already in branch sheet,BIOMEDENG002,Biomedical Engineering,
CollegeFees,"Bio Technology (4 Years, Bachelor of Technology)","Bio Technology (4 Years, Bachelor of Technology)",97,10,already in branch sheet,BIOTECH003,Biotechnology,
CollegeFees,"Biochemical Engineering with M.Tech. in Biochemical Engineering and Biotechnology (5 Years, Bachelor and Master of Technology (Dual Degree))","Biochemical Engineering with M.Tech. in Biochemical Engineering and Biotechnology (5 Years, Bachelor and Master of Technology (Dual Degree))",7,1,already in branch sheet,BIOCHEMENG001,Biochemical Engineering,
CollegeFees,"Bioengineering with M.Tech in Biomedical Technology (5 Years, Bachelor and Master of Technology (Dual Degree))","Bioengineering with M.Tech in Biomedical Technology (5 Years, Bachelor and Master of Technology (Dual Degree))",8,1,already in branch sheet,BIOENG005,Biological Engineering,
CollegeFees,"Biological Engineering (4 Years, Bachelor of Technology)","Biological Engineering (4 Years, Bachelor of Technology)",10,1,already in branch sheet,BIOENG001,Biological Engineering,
CollegeFees,"Biological Science (4 Years, Bachelor of Science)","Biological Science (4 Years, Bachelor of Science)",10,1,already in branch sheet,BIOSCI001,Biological Science And Engineering,
CollegeFees,"Biological Sciences and Bioengineering (4 Years, Bachelor of Technology)","Biological Sciences and Bioengineering (4 Years, Bachelor of Technology)",10,1,already in branch sheet,BIOENG002,Biological Engineering,
CollegeFees,"Biomedical Engineering (4 Years, Bachelor of Technology)","Biomedical Engineering (4 Years, Bachelor of Technology)",13,2,already in branch sheet,BIOMEDENG001,Biomedical Engineering,
CollegeFees,"Biosciences and Bioengineering (4 Years, Bachelor of Technology)","Biosciences and Bioengineering (4 Years, Bachelor of Technology)",20,2,already in branch sheet,BIOENG003,Biological Engineering,
CollegeFees,"Biotechnology (5 Years, Bachelor and Master of Technology (Dual Degree))","Biotechnology (5 Years, Bachelor and Master of Technology (Dual Degree))",5,1,already in branch sheet,BIOTECH004,Biotechnology,
CollegeFees,"Biotechnology and Biochemical Engineering (4 Years, Bachelor of Technology)","Biotechnology and Biochemical Engineering (4 Years, Bachelor of Technology)",32,3,already in branch sheet,BIOTECH001,Biotechnology,
CollegeFees,"Biotechnology and Bioinformatics (4 Years, Bachelor of Technology)","Biotechnology and Bioinformatics (4 Years, Bachelor of Technology)",9,1,already in branch sheet,BIOTECH002,Biotechnology,
CollegeFees,CHEMICAL ENGINEERING,CHEMICAL ENGINEERING,68,9,already in branch sheet,CHEMENG009,Chemical Engineering,
CollegeFees,CIVIL ENGINEERING,CIVIL ENGINEERING,169,22,already in branch sheet,CIVILENG014,Civil Engineering,
CollegeFees,COMPUTER SCIENCE AND BUSINESS SYSTEMS,COMPUTER SCIENCE AND BUSINESS SYSTEMS,23,2,already in branch sheet,CSIT073,Computer Science And Engineering,
CollegeFees,COMPUTER SCIENCE AND DESIGN,COMPUTER SCIENCE AND DESIGN,25,2,already in branch sheet,CSIT061,Computer Science And Engineering,
CollegeFees,COMPUTER SCIENCE AND ENGINEERING,COMPUTER SCIENCE AND ENGINEERING,331,22,already in branch sheet,CSIT057,Computer Science And Engineering,
CollegeFees,"CSE ( Data Science & Analytics) (4 Years, Bachelor of Technology)","CSE ( Data Science & Analytics) (4 Years, Bachelor of Technology)",7,1,already in branch sheet,CSIT036,Computer Science And Engineering,
CollegeFees,"Carpet and Textile Technology (4 Years, Bachelor of Technology)","Carpet and Textile Technology (4 Years, Bachelor of Technology)",5,1,already in branch sheet,TEXTILE002,Textile Engineering,
CollegeFees,"Ceramic Engineering (4 Years, Bachelor of Technology)","Ceramic Engineering (4 Years, Bachelor of Technology)",19,2,already in branch sheet,CERAMIC001,Ceramic Engineering,
CollegeFees,"Ceramic Engineering (5 Years, Bachelor and Master of Technology (Dual Degree))","Ceramic Engineering (5 Years, Bachelor and Master of Technology (Dual Degree))",7,1,already in branch sheet,CERAMIC002,Ceramic Engineering,
CollegeFees,"Ceramic Engineering and M.Tech Industrial Ceramic (5 Years, Bachelor and Master of Technology (Dual Degree))","Ceramic Engineering and M.Tech Industrial Ceramic (5 Years, Bachelor and Master of Technology (Dual Degree))",4,1,already in branch sheet,CERAMIC003,Ceramic Engineering,
CollegeFees,"Chemical Engineering (4 Years, Bachelor of Technology)","Chemical Engineering (4 Years, Bachelor of Technology)",398,38,already in branch sheet,CHEMENG002,Chemical Engineering,
CollegeFees,"Chemical Engineering (5 Years, Bachelor and Master of Technology (Dual Degree))","Chemical Engineering (5 Years, Bachelor and Master of Technology (Dual Degree))",21,3,already in branch sheet,CHEMENG001,Chemical Engineering,
CollegeFees,"Chemical Engineering (5 Years, Integrated Masters in Technology)","Chemical Engineering (5 Years, Integrated Masters in Technology)",6,1,already in branch sheet,CHEMENG006,Chemical Engineering,
CollegeFees,"Chemical Science and Technology (4 Years, Bachelor of Technology)","Chemical Science and Technology (4 Years, Bachelor of Technology)",20,2,already in branch sheet,CHEMSCI001,Chemical Science And Technology,
CollegeFees,"Chemical Sciences (5 Years, Bachelor of Science and Master of Science (Dual Degree))","Chemical Sciences (5 Years, Bachelor of Science and Master of Science (Dual Degree))",9,1,already in branch sheet,CHEMSCI002,Chemical Science,
CollegeFees,"Chemical Technology (5 Years, Bachelor and Master of Technology (Dual Degree))","Chemical Technology (5 Years, Bachelor and Master of Technology (Dual Degree))",6,1,already in branch sheet,CHEMENG004,Chemical Engineering,
CollegeFees,"Chemical and Biochemical Engineering (4 Years, Bachelor of Technology)","Chemical and Biochemical Engineering (4 Years, Bachelor of Technology)",8,1,already in branch sheet,CHEMENG005,Chemical Engineering,
CollegeFees,"Chemistry (4 Years, Bachelor of Science)","Chemistry (4 Years, Bachelor of Science)",31,3,already in branch sheet,CHEM001,Chemistry,
CollegeFees,"Chemistry (5 Years, Bachelor of Science and Master of Science (Dual Degree))","Chemistry (5 Years, Bachelor of Science and Master of Science (Dual Degree))",5,1,already in branch sheet,CHEM004,Chemistry,
CollegeFees,"Chemistry (5 Years, Integrated Master of Science)","Chemistry (5 Years, Integrated Master of Science)",34,5,already in branch sheet,CHEM003,Chemistry,
CollegeFees,"Chemistry with Specialization (4 Years, Bachelor of Science)","Chemistry with Specialization (4 Years, Bachelor of Science)",8,1,already in branch sheet,CHEM002,Chemistry,
CollegeFees,"Civil Engineering (4 Years, Bachelor of Technology)","Civil Engineering (4 Years, Bachelor of Technology)",615,64,already in branch sheet,CIVILENG001,Civil Engineering,
CollegeFees,"Civil Engineering (5 Years, Bachelor and Master of Technology (Dual Degree))","Civil Engineering (5 Years, Bachelor and Master of Technology (Dual Degree))",14,2,already in branch sheet,CIVILENG002,Civil Engineering,
CollegeFees,"Civil Engineering with Specialization in Construction Technology and Management (5 Years, Bachelor and Master of Technology (Dual Degree))","Civil Engineering with Specialization in Construction Technology and Management (5 Years, Bachelor and Master of Technology (Dual Degree))",4,1,already in branch sheet,CIVILENG007,Civil Engineering,
CollegeFees,"Civil and Environmental Engineering (4 Years, Bachelor of Technology)","Civil and Environmental Engineering (4 Years, Bachelor of Technology)",5,1,already in branch sheet,CIVILENG009,Civil Engineering,
CollegeFees,"Civil and Infrastructure Engineering (4 Years, Bachelor of Technology)","Civil and Infrastructure Engineering (4 Years, Bachelor of Technology)",18,2,already in branch sheet,CIVILENG003,Civil Engineering,
CollegeFees,"Computational Engineering (4 Years, Bachelor of Technology)","Computational Engineering (4 Years, Bachelor of Technology)",10,1,already in branch sheet,CSIT015,Computer Science And Engineering,
CollegeFees,"Computational Mathematics (5 Years, Bachelor and Master of Technology (Dual Degree))","Computational Mathematics (5 Years, Bachelor and Master of Technology (Dual Degree))",5,1,already in branch sheet,MNC011,Mathematics And Computing,
CollegeFees,"Computational and Data Science (4 Years, Bachelor of Technology)","Computational and Data Science (4 Years, Bachelor of Technology)",10,1,already in branch sheet,AIML007,Data Science,
CollegeFees,"Computer Engineering (4 Years, Bachelor of Technology)","Computer Engineering (4 Years, Bachelor of Technology)",26,4,already in branch sheet,CSIT035,Computer Science And Engineering,
CollegeFees,"Computer Science (4 Years, Bachelor of Technology)","Computer Science (4 Years, Bachelor of Technology)",11,1,already in branch sheet,CSIT026,Computer Science And Engineering,
CollegeFees,"Computer Science Engineering (Artificial Intelligence) (4 Years, B. Tech / B. Tech (Hons.))","Computer Science Engineering (Artificial Intelligence) (4 Years, B. Tech / B. Tech (Hons.))",10,2,already in branch sheet,CSIT021,Computer Science And Engineering,
CollegeFees,"Computer Science Engineering (Artificial lntelligence and Machine Learning) (4 Years, Bachelor of Technology)","Computer Science Engineering (Artificial lntelligence and Machine Learning) (4 Years, Bachelor of Technology)",12,2,already in branch sheet,CSIT030,Computer Science And Engineering,
CollegeFees,"Computer Science Engineering (Data Science and Analytics) (4 Years, Bachelor of Technology)","Computer Science Engineering (Data Science and Analytics) (4 Years, Bachelor of Technology)",7,1,already in branch sheet,CSIT031,Computer Science And Engineering,
CollegeFees,"Computer Science Engineering (Data Science) (4 Years, B. Tech / B. Tech (Hons.))","Computer Science Engineering (Data Science) (4 Years, B. Tech / B. Tech (Hons.))",11,2,already in branch sheet,CSIT022,Computer Science And Engineering,
CollegeFees,"Computer Science Engineering (Human Computer lnteraction and Gaming Technology) (4 Years, Bachelor of Technology)","Computer Science Engineering (Human Computer lnteraction and Gaming Technology) (4 Years, Bachelor of Technology)",7,1,already in branch sheet,CSIT034,Computer Science And Engineering,
CollegeFees,"Computer Science and Artificial Intelligence (4 Years, Bachelor of Technology)","Computer Science and Artificial Intelligence (4 Years, Bachelor of Technology)",13,1,already in branch sheet,CSIT023,Computer Science And Engineering,
CollegeFees,"Computer Science and Business (4 Years, Bachelor of Technology)","Computer Science and Business (4 Years, Bachelor of Technology)",13,1,already in branch sheet,CSIT027,Computer Science And Engineering,
CollegeFees,"Computer Science and Engineering ( Artificial Intelligence & Data Science) (4 Years, Bachelor of Technology)","Computer Science and Engineering ( Artificial Intelligence & Data Science) (4 Years, Bachelor of Technology)",13,1,already in branch sheet,CSIT018,Computer Science And Engineering,
CollegeFees,"Computer Science and Engineering (4 Years, Bachelor of Technology)","Computer Science and Engineering (4 Years, Bachelor of Technology)",1118,96,already in branch sheet,CSIT013,Computer Science And Engineering,
CollegeFees,"Computer Science and Engineering (5 Years, Bachelor and Master of Technology (Dual Degree))","Computer Science and Engineering (5 Years, Bachelor and Master of Technology (Dual Degree))",75,8,already in branch sheet,CSIT014,Computer Science And Engineering,
CollegeFees,"Computer Science and Engineering (Artificial Intelligence) (4 Years, Bachelor of Technology)","Computer Science and Engineering (Artificial Intelligence) (4 Years, Bachelor of Technology)",7,1,already in branch sheet,CSIT024,Computer Science And Engineering,
CollegeFees,"Computer Science and Engineering (Cyber Physical System) (4 Years, Bachelor of Technology)","Computer Science and Engineering (Cyber Physical System) (4 Years, Bachelor of Technology)",5,1,already in branch sheet,CSIT038,Computer Science And Engineering,
CollegeFees,"Computer Science and Engineering (Cyber Security) (4 Years, Bachelor of Technology)","Computer Science and Engineering (Cyber Security) (4 Years, Bachelor of Technology)",12,2,already in branch sheet,CSIT028,Computer Science And Engineering,
CollegeFees,"Computer Science and Engineering (Data Science) (4 Years, Bachelor of Technology)","Computer Science and Engineering (Data Science) (4 Years, Bachelor of Technology)",11,2,already in branch sheet,CSIT032,Computer Science And Engineering,
CollegeFees,"Computer Science and Engineering (with Specialization of Data Science and Artificial Intelligence) (4 Years, B. Tech / B. Tech (Hons.))","Computer Science and Engineering (with Specialization of Data Science and Artificial Intelligence) (4 Years, B. Tech / B. Tech (Hons.))",6,1,already in branch sheet,CSIT037,Computer Science And Engineering,
CollegeFees,"Computer Science and Engineering with Major in Artificial Intelligence (4 Years, Bachelor of Technology)","Computer Science and Engineering with Major in Artificial Intelligence (4 Years, Bachelor of Technology)",19,2,already in branch sheet,CSIT025,Computer Science And Engineering,
CollegeFees,"Computer Science and Engineering with Specialization in Cyber Security (5 Years, Bachelor and Master of Technology (Dual Degree))","Computer Science and Engineering with Specialization in Cyber Security (5 Years, Bachelor and Master of Technology (Dual Degree))",9,1,already in branch sheet,CSIT020,Computer Science And Engineering,
CollegeFees,"Computer Science and Engineering with Specialization in Data Science (5 Years, Bachelor and Master of Technology (Dual Degree))","Computer Science and Engineering with Specialization in Data Science (5 Years, Bachelor and Master of Technology (Dual Degree))",10,1,already in branch sheet,CSIT019,Computer Science And Engineering,
CollegeFees,"Computer Science and Engineering with specialization in Artificial Intelligence and Data Science (4 Years, Bachelor of Technology)","Computer Science and Engineering with specialization in Artificial Intelligence and Data Science (4 Years, Bachelor of Technology)",17,2,already in branch sheet,CSIT029,Computer Science And Engineering,
CollegeFees,"Computer Science and Engineering with specialization in Cyber Security (4 Years, Bachelor of Technology)","Computer Science and Engineering with specialization in Cyber Security (4 Years, Bachelor of Technology)",18,2,already in branch sheet,CSIT033,Computer Science And Engineering,
CollegeFees,"Dairy Engineering (4 Years, Bachelor of Technology)","Dairy Engineering (4 Years, Bachelor of Technology)",5,1,already in branch sheet,DAIRYENG001,Dairy Engineering,
CollegeFees,"Data Science and Artificial Intelligence (4 Years, Bachelor of Technology)","Data Science and Artificial Intelligence (4 Years, Bachelor of Technology)",50,5,already in branch sheet,AIML006,Artificial Intelligence,
CollegeFees,"Data Science and Engineering (4 Years, Bachelor of Technology)","Data Science and Engineering (4 Years, Bachelor of Technology)",32,3,already in branch sheet,AIML005,Data Science,
CollegeFees,"Earth Sciences (4 Years, Bachelor of Science)","Earth Sciences (4 Years, Bachelor of Science)",10,1,already in branch sheet,EARTHSCI001,Earth Science And Engineering,
CollegeFees,"Economics (4 Years, Bachelor of Science)","Economics (4 Years, Bachelor of Science)",41,4,already in branch sheet,ECON001,Economics,
CollegeFees,"Economics (5 Years, Bachelor of Science and Master of Science (Dual Degree))","Economics (5 Years, Bachelor of Science and Master of Science (Dual Degree))",9,1,already in branch sheet,ECON002,Economics,
CollegeFees,"Electrical Engineering (4 Years, Bachelor of Technology)","Electrical Engineering (4 Years, Bachelor of Technology)",504,50,already in branch sheet,ELEC007,Electrical Engineering,
CollegeFees,"Electrical Engineering (5 Years, Bachelor and Master of Technology (Dual Degree))","Electrical Engineering (5 Years, Bachelor and Master of Technology (Dual Degree))",28,3,already in branch sheet,ELEC010,Electrical Engineering,
CollegeFees,"Electrical Engineering (IC Design and Technology) (4 Years, Bachelor of Technology)","Electrical Engineering (IC Design and Technology) (4 Years, Bachelor of Technology)",9,1,already in branch sheet,ELEC013,Electrical Engineering,
CollegeFees,"Electrical Engineering (Power and Automation) (4 Years, Bachelor of Technology)","Electrical Engineering (Power and Automation) (4 Years, Bachelor of Technology)",13,1,already in branch sheet,ELEC008,Electrical Engineering,
CollegeFees,"Electrical Engineering with M.Tech. in Power Electronics (5 Years, Bachelor and Master of Technology (Dual Degree))","Electrical Engineering with M.Tech. in Power Electronics (5 Years, Bachelor and Master of Technology (Dual Degree))",10,1,already in branch sheet,ELEC014,Electrical Engineering,
CollegeFees,"Electrical Engineering with Specialization In Power System Engineering (5 Years, Bachelor and Master of Technology (Dual Degree))","Electrical Engineering with Specialization In Power System Engineering (5 Years, Bachelor and Master of Technology (Dual Degree))",10,1,already in branch sheet,ELEC027,Electrical Engineering,
CollegeFees,"Electrical and Electronics Engineering (4 Years, Bachelor of Technology)","Electrical and Electronics Engineering (4 Years, Bachelor of Technology)",195,19,already in branch sheet,ELEC016,Electrical And Electronics Engineering,
CollegeFees,"Electronic Engineering (4 Years, Bachelor of Technology)","Electronic Engineering (4 Years, Bachelor of Technology)",6,1,already in branch sheet,ELEC038,Electrical Engineering,
CollegeFees,"Electronics Engineering (4 Years, Bachelor of Technology)","Electronics Engineering (4 Years, Bachelor of Technology)",13,1,already in branch sheet,ELEC012,Electrical Engineering,
CollegeFees,"Electronics Engineering (VLSI Design and Technology) (4 Years, Bachelor of Technology)","Electronics Engineering (VLSI Design and Technology) (4 Years, Bachelor of Technology)",4,1,already in branch sheet,ELEC031,Electrical Engineering,
CollegeFees,"Electronics and Communication Engineering (4 Years, Bachelor of Technology)","Electronics and Communication Engineering (4 Years, Bachelor of Technology)",752,75,already in branch sheet,ELEC009,Electronics And Communications Engineering,
CollegeFees,"Electronics and Communication Engineering (5 Years, Bachelor and Master of Technology (Dual Degree))","Electronics and Communication Engineering (5 Years, Bachelor and Master of Technology (Dual Degree))",20,3,already in branch sheet,ELEC030,Electronics And Communications Engineering,
CollegeFees,"Electronics and Communication Engineering (Avionics) (4 Years, Bachelor of Technology)","Electronics and Communication Engineering (Avionics) (4 Years, Bachelor of Technology)",5,1,already in branch sheet,ELEC042,Electronics And Communications Engineering,
CollegeFees,"Electronics and Communication Engineering (Internet of Things) (4 Years, Bachelor of Technology)","Electronics and Communication Engineering (Internet of Things) (4 Years, Bachelor of Technology)",7,1,already in branch sheet,ELEC034,Electronics And Communications Engineering,
CollegeFees,"Electronics and Communication Engineering (VLSI Design and Technology) (4 Years, Bachelor of Technology)","Electronics and Communication Engineering (VLSI Design and Technology) (4 Years, Bachelor of Technology)",12,1,already in branch sheet,ELEC023,Electronics And Communications Engineering,
CollegeFees,"Electronics and Communication Engineering (with Specialization of Embedded Systems and Internet of Things) (4 Years, B. Tech / B. Tech (Hons.))","Electronics and Communication Engineering (with Specialization of Embedded Systems and Internet of Things) (4 Years, B. Tech / B. Tech (Hons.))",7,1,already in branch sheet,ELEC035,Electronics And Communications Engineering,
CollegeFees,"Electronics and Communication Engineering with Specialization in Microelectronics and VLSI System Design (5 Years, Bachelor and Master of Technology (Dual Degree))","Electronics and Communication Engineering with Specialization in Microelectronics and VLSI System Design (5 Years, Bachelor and Master of Technology (Dual Degree))",8,1,already in branch sheet,ELEC026,Electronics And Communications Engineering,
CollegeFees,"Electronics and Communication Engineering with specialization in Design and Manufacturing (4 Years, Bachelor of Technology)","Electronics and Communication Engineering with specialization in Design and Manufacturing (4 Years, Bachelor of Technology)",10,1,already in branch sheet,ELEC033,Electronics And Communications Engineering,
CollegeFees,"Electronics and Communication Engineering with specialization in VLSI and Embedded Systems (4 Years, Bachelor of Technology)","Electronics and Communication Engineering with specialization in VLSI and Embedded Systems (4 Years, Bachelor of Technology)",5,1,already in branch sheet,ELEC037,Electronics And Communications Engineering,
CollegeFees,"Electronics and Electrical Communication Engineering (4 Years, Bachelor of Technology)","Electronics and Electrical Communication Engineering (4 Years, Bachelor of Technology)",15,1,already in branch sheet,ELEC006,Electronics And Communications Engineering,
CollegeFees,"Electronics and Electrical Engineering (4 Years, Bachelor of Technology)","Electronics and Electrical Engineering (4 Years, Bachelor of Technology)",12,1,already in branch sheet,ELEC011,Electrical And Electronics Engineering,
CollegeFees,"Electronics and Instrumentation Engineering (4 Years, Bachelor of Technology)","Electronics and Instrumentation Engineering (4 Years, Bachelor of Technology)",46,5,already in branch sheet,ELEC024,Electrical And Electronics Engineering,
CollegeFees,"Electronics and Telecommunication Engineering (4 Years, Bachelor of Technology)","Electronics and Telecommunication Engineering (4 Years, Bachelor of Technology)",18,2,already in branch sheet,ELEC032,Electronics And Communications Engineering,
CollegeFees,"Electronics and VLSI Engineering (4 Years, Bachelor of Technology)","Electronics and VLSI Engineering (4 Years, Bachelor of Technology)",20,2,already in branch sheet,ELEC028,Electrical And Electronics Engineering,
CollegeFees,"Energy Engineering (4 Years, Bachelor of Technology)","Energy Engineering (4 Years, Bachelor of Technology)",45,5,already in branch sheet,ENERGYENG001,Energy Engineering,
CollegeFees,"Engineering Design (5 Years, Bachelor and Master of Technology (Dual Degree))","Engineering Design (5 Years, Bachelor and Master of Technology (Dual Degree))",11,1,already in branch sheet,ENGDES001,Engineering Design,
CollegeFees,"Engineering Physics (4 Years, Bachelor of Technology)","Engineering Physics (4 Years, Bachelor of Technology)",163,17,already in branch sheet,ENGPHY001,Engineering Physics,
CollegeFees,"Engineering Physics (5 Years, Bachelor and Master of Technology (Dual Degree))","Engineering Physics (5 Years, Bachelor and Master of Technology (Dual Degree))",14,2,already in branch sheet,ENGPHY002,Engineering Physics,
CollegeFees,"Engineering Science (4 Years, Bachelor of Technology)","Engineering Science (4 Years, Bachelor of Technology)",10,1,already in branch sheet,ENGSCI001,Engineering Science,
CollegeFees,"Engineering and Computational Mechanics (4 Years, Bachelor of Technology)","Engineering and Computational Mechanics (4 Years, Bachelor of Technology)",21,2,already in branch sheet,MECHENG004,Mechanical Engineering ,
CollegeFees,"Environmental Engineering (4 Years, Bachelor of Technology)","Environmental Engineering (4 Years, Bachelor of Technology)",10,1,already in branch sheet,ENVENG002,Environmental Engineering,
CollegeFees,"Environmental Science and Engineering (4 Years, Bachelor of Technology)","Environmental Science and Engineering (4 Years, Bachelor of Technology)",11,1,already in branch sheet,ENVENG001,Environmental Engineering,
CollegeFees,"Exploration Geophysics (4 Years, Bachelor of Science)","Exploration Geophysics (4 Years, Bachelor of Science)",10,1,already in branch sheet,GEO006,Geophysics,
CollegeFees,"Fashion and Apparel Engineering (4 Years, Bachelor of Technology)","Fashion and Apparel Engineering (4 Years, Bachelor of Technology)",5,1,already in branch sheet,TEXTILE004,Textile Engineering,
CollegeFees,"Food Engineering and Technology (4 Years, Bachelor of Technology)","Food Engineering and Technology (4 Years, Bachelor of Technology)",21,4,already in branch sheet,FOODENG002,Food Engineering,
CollegeFees,"Food Process Engineering (4 Years, Bachelor of Technology)","Food Process Engineering (4 Years, Bachelor of Technology)",8,1,already in branch sheet,FOODENG001,Food Engineering,
CollegeFees,"Food Technology (4 Years, Bachelor of Technology)","Food Technology (4 Years, Bachelor of Technology)",17,3,already in branch sheet,FOODENG004,Food Engineering,
CollegeFees,"Food Technology and Management (4 Years, Bachelor of Technology)","Food Technology and Management (4 Years, Bachelor of Technology)",6,1,already in branch sheet,FOODENG003,Food Engineering,
CollegeFees,"Geological Technology (5 Years, Integrated Master of Technology)","Geological Technology (5 Years, Integrated Master of Technology)",10,1,already in branch sheet,GEO003,Geological Technology,
CollegeFees,"Geophysical Technology (5 Years, Integrated Master of Technology)","Geophysical Technology (5 Years, Integrated Master of Technology)",10,1,already in branch sheet,GEO004,Geological Technology,
CollegeFees,"Handloom and Textile Technology (4 Years, Bachelor of Technology)","Handloom and Textile Technology (4 Years, Bachelor of Technology)",10,2,already in branch sheet,TEXTILE003,Textile Engineering,
CollegeFees,INDUSTRIAL DESIGN,INDUSTRIAL DESIGN,1,1,already in branch sheet,INDENG002,Industrial / Manufacturing / Production Engineering,
CollegeFees,INDUSTRIAL IOT,INDUSTRIAL IOT,1,1,already in branch sheet,INDENG014,Industrial / Manufacturing / Production Engineering,
CollegeFees,"Industrial Chemistry (4 Years, Bachelor of Technology)","Industrial Chemistry (4 Years, Bachelor of Technology)",18,2,already in branch sheet,INDCHEM001,Industrial Chemistry,
CollegeFees,"Industrial Chemistry (5 Years, Bachelor and Master of Technology (Dual Degree))","Industrial Chemistry (5 Years, Bachelor and Master of Technology (Dual Degree))",8,1,already in branch sheet,INDCHEM002,Industrial Chemistry,
CollegeFees,"Industrial Design (4 Years, Bachelor of Technology)","Industrial Design (4 Years, Bachelor of Technology)",7,1,already in branch sheet,INDENG009,Industrial / Manufacturing / Production Engineering,
CollegeFees,"Industrial Engineering and Operations Research (4 Years, Bachelor of Technology)","Industrial Engineering and Operations Research (4 Years, Bachelor of Technology)",11,1,already in branch sheet,INDENG004,Industrial / Manufacturing / Production Engineering,
CollegeFees,"Industrial Internet of Things (4 Years, Bachelor of Technology)","Industrial Internet of Things (4 Years, Bachelor of Technology)",12,1,already in branch sheet,INDENG008,Industrial / Manufacturing / Production Engineering,
CollegeFees,"Industrial and Production Engineering (4 Years, Bachelor of Technology)","Industrial and Production Engineering (4 Years, Bachelor of Technology)",16,2,already in branch sheet,INDENG010,Industrial / Manufacturing / Production Engineering,
CollegeFees,"Industrial and Systems Engineering (4 Years, Bachelor of Technology)","Industrial and Systems Engineering (4 Years, Bachelor of Technology)",11,1,already in branch sheet,INDENG005,Industrial / Manufacturing / Production Engineering,
CollegeFees,"Information Technology (4 Years, Bachelor of Technology)","Information Technology (4 Years, Bachelor of Technology)",159,17,already in branch sheet,CSIT005,Information Technology,
CollegeFees,"Information Technology-Business Informatics (4 Years, Bachelor of Technology)","Information Technology-Business Informatics (4 Years, Bachelor of Technology)",12,1,already in branch sheet,CSIT007,Information Technology,
CollegeFees,"Instrumentation Engineering (4 Years, Bachelor of Technology)","Instrumentation Engineering (4 Years, Bachelor of Technology)",14,2,already in branch sheet,INSTRENG001,Instrumentation Engineering,
CollegeFees,"Instrumentation and Control Engineering (4 Years, Bachelor of Technology)","Instrumentation and Control Engineering (4 Years, Bachelor of Technology)",30,3,already in branch sheet,INSTRENG002,Instrumentation Engineering,
CollegeFees,"Integrated B. Tech. - M. Tech in Civil Engineering (5 Years, Integrated B. Tech. and M. Tech.)","Integrated B. Tech. - M. Tech in Civil Engineering (5 Years, Integrated B. Tech. and M. Tech.)",5,1,already in branch sheet,CIVILENG010,Civil Engineering,
CollegeFees,"Integrated B. Tech. - M. Tech in Computer Science & Engineering (5 Years, Integrated B. Tech. and M. Tech.)","Integrated B. Tech. - M. Tech in Computer Science & Engineering (5 Years, Integrated B. Tech. and M. Tech.)",5,1,already in branch sheet,CSIT039,Computer Science And Engineering,
CollegeFees,"Integrated B. Tech. - M. Tech in Electrical Engineering (5 Years, Integrated B. Tech. and M. Tech.)","Integrated B. Tech. - M. Tech in Electrical Engineering (5 Years, Integrated B. Tech. and M. Tech.)",6,1,already in branch sheet,ELEC039,Electrical Engineering,
CollegeFees,"Integrated B. Tech.(IT) and M. Tech (IT) (5 Years, Integrated B. Tech. and M. Tech.)","Integrated B. Tech.(IT) and M. Tech (IT) (5 Years, Integrated B. Tech. and M. Tech.)",13,1,already in branch sheet,CSIT008,Information Technology,
CollegeFees,"Integrated B. Tech.(IT) and MBA (5 Years, Integrated B. Tech. and MBA)","Integrated B. Tech.(IT) and MBA (5 Years, Integrated B. Tech. and MBA)",13,1,already in branch sheet,CSIT006,Information Technology,
CollegeFees,"Integrated B. Tech.- M. Tech in Metallurgical & Materials Engineering (5 Years, Integrated B. Tech. and M. Tech.)","Integrated B. Tech.- M. Tech in Metallurgical & Materials Engineering (5 Years, Integrated B. Tech. and M. Tech.)",5,1,already in branch sheet,MEMS016,Metallurgy Engineering And Material Science,
CollegeFees,"Integrated Circuit Design & Technology (4 Years, Bachelor of Technology)","Integrated Circuit Design & Technology (4 Years, Bachelor of Technology)",9,1,already in branch sheet,ELEC015,Electrical Engineering,
CollegeFees,"Interdisciplinary Sciences (5 Years, Bachelor of Science and Master of Science (Dual Degree))","Interdisciplinary Sciences (5 Years, Bachelor of Science and Master of Science (Dual Degree))",9,1,already in branch sheet,GENSCI003,Science,
CollegeFees,"Life Science (5 Years, Integrated Master of Science)","Life Science (5 Years, Integrated Master of Science)",7,1,already in branch sheet,LIFESCI001,Life Science,
CollegeFees,MECHANICAL ENGINEERING,MECHANICAL ENGINEERING,196,22,already in branch sheet,MECHENG018,Mechanical Engineering ,
CollegeFees,"Manufacturing Science and Engineering (4 Years, Bachelor of Technology)","Manufacturing Science and Engineering (4 Years, Bachelor of Technology)",10,1,already in branch sheet,INDENG020,Industrial / Manufacturing / Production Engineering,
CollegeFees,"Material Science and Engineering (5 Years, Bachelor and Master of Technology (Dual Degree))","Material Science and Engineering (5 Years, Bachelor and Master of Technology (Dual Degree))",6,1,already in branch sheet,MEMS011,Metallurgy Engineering And Material Science,
CollegeFees,"Materials Engineering (4 Years, Bachelor of Technology)","Materials Engineering (4 Years, Bachelor of Technology)",49,5,already in branch sheet,MEMS003,Metallurgy Engineering And Material Science,
CollegeFees,"Materials Engineering (5 Years, Integrated Master of Technology)","Materials Engineering (5 Years, Integrated Master of Technology)",7,1,already in branch sheet,MEMS015,Metallurgy Engineering And Material Science,
CollegeFees,"Materials Science and Engineering (4 Years, Bachelor of Technology)","Materials Science and Engineering (4 Years, Bachelor of Technology)",31,3,already in branch sheet,MEMS004,Metallurgy Engineering And Material Science,
CollegeFees,"Materials Science and Metallurgical Engineering (4 Years, Bachelor of Technology)","Materials Science and Metallurgical Engineering (4 Years, Bachelor of Technology)",28,3,already in branch sheet,MEMS005,Metallurgy Engineering And Material Science,
CollegeFees,"Materials Science and Technology (5 Years, Bachelor and Master of Technology (Dual Degree))","Materials Science and Technology (5 Years, Bachelor and Master of Technology (Dual Degree))",8,1,already in branch sheet,MEMS009,Metallurgy Engineering And Material Science,
CollegeFees,"Mathematics & Computing (5 Years, Bachelor of Science and Master of Science (Dual Degree))","Mathematics & Computing (5 Years, Bachelor of Science and Master of Science (Dual Degree))",18,2,already in branch sheet,MNC005,Mathematics And Computing,
CollegeFees,"Mathematics (5 Years, Integrated Master of Science)","Mathematics (5 Years, Integrated Master of Science)",26,4,already in branch sheet,MATH002,Mathematics,
CollegeFees,"Mathematics and Computing (4 Years, Bachelor of Science)","Mathematics and Computing (4 Years, Bachelor of Science)",12,1,already in branch sheet,MNC002,Mathematics And Computing,
CollegeFees,"Mathematics and Computing (4 Years, Bachelor of Technology)","Mathematics and Computing (4 Years, Bachelor of Technology)",186,19,already in branch sheet,MNC001,Mathematics And Computing,
CollegeFees,"Mathematics and Computing (5 Years, Bachelor and Master of Technology (Dual Degree))","Mathematics and Computing (5 Years, Bachelor and Master of Technology (Dual Degree))",21,2,already in branch sheet,MNC003,Mathematics And Computing,
CollegeFees,"Mathematics and Computing (5 Years, Integrated Master of Science)","Mathematics and Computing (5 Years, Integrated Master of Science)",6,1,already in branch sheet,MNC010,Mathematics And Computing,
CollegeFees,"Mathematics and Computing Technology (5 Years, Bachelor and Master of Technology (Dual Degree))","Mathematics and Computing Technology (5 Years, Bachelor and Master of Technology (Dual Degree))",5,1,already in branch sheet,MNC009,Mathematics And Computing,
CollegeFees,"Mathematics and Data Science (5 Years, Bachelor and Master of Technology (Dual Degree))","Mathematics and Data Science (5 Years, Bachelor and Master of Technology (Dual Degree))",9,1,already in branch sheet,AIML009,Data Science,
CollegeFees,"Mathematics and Scientific Computing (4 Years, Bachelor of Science)","Mathematics and Scientific Computing (4 Years, Bachelor of Science)",13,1,already in branch sheet,MNC004,Mathematics And Computing,
CollegeFees,"Mathematics and Scientific Computing (4 Years, Bachelor of Technology)","Mathematics and Scientific Computing (4 Years, Bachelor of Technology)",9,1,already in branch sheet,MNC012,Mathematics And Computing,
CollegeFees,"Mechanical Engineering (4 Years, Bachelor of Technology)","Mechanical Engineering (4 Years, Bachelor of Technology)",687,68,already in branch sheet,MECHENG003,Mechanical Engineering ,
CollegeFees,"Mechanical Engineering (5 Years, Bachelor and Master of Technology (Dual Degree))","Mechanical Engineering (5 Years, Bachelor and Master of Technology (Dual Degree))",29,4,already in branch sheet,MECHENG005,Mechanical Engineering ,
CollegeFees,"Mechanical Engineering with Specialization in Manufacturing and Industrial Engineering (5 Years, Bachelor and Master of Technology (Dual Degree))","Mechanical Engineering with Specialization in Manufacturing and Industrial Engineering (5 Years, Bachelor and Master of Technology (Dual Degree))",9,1,already in branch sheet,MECHENG008,Mechanical Engineering ,
CollegeFees,"Mechanical Engineering with specialization in Design and Manufacturing (4 Years, Bachelor of Technology)","Mechanical Engineering with specialization in Design and Manufacturing (4 Years, Bachelor of Technology)",10,1,already in branch sheet,MECHENG012,Mechanical Engineering ,
CollegeFees,"Mechatronics Engineering (4 Years, Bachelor of Technology)","Mechatronics Engineering (4 Years, Bachelor of Technology)",14,2,already in branch sheet,MECHENG010,Mechanical Engineering ,
CollegeFees,"Mechatronics and Automation Engineering (4 Years, Bachelor of Technology)","Mechatronics and Automation Engineering (4 Years, Bachelor of Technology)",17,2,already in branch sheet,MECHENG009,Mechanical Engineering ,
CollegeFees,"Metallurgical Engineering (4 Years, Bachelor of Technology)","Metallurgical Engineering (4 Years, Bachelor of Technology)",10,1,already in branch sheet,MEMS007,Metallurgy Engineering And Material Science,
CollegeFees,"Metallurgical Engineering (5 Years, Bachelor and Master of Technology (Dual Degree))","Metallurgical Engineering (5 Years, Bachelor and Master of Technology (Dual Degree))",9,1,already in branch sheet,MEMS008,Metallurgy Engineering And Material Science,
CollegeFees,"Metallurgical Engineering and Materials Science (4 Years, Bachelor of Technology)","Metallurgical Engineering and Materials Science (4 Years, Bachelor of Technology)",21,2,already in branch sheet,MEMS001,Metallurgy Engineering And Material Science,
CollegeFees,"Metallurgical and Materials Engineering (4 Years, Bachelor of Technology)","Metallurgical and Materials Engineering (4 Years, Bachelor of Technology)",181,17,already in branch sheet,MEMS002,Metallurgy Engineering And Material Science,
CollegeFees,"Metallurgical and Materials Engineering (5 Years, Bachelor and Master of Technology (Dual Degree))","Metallurgical and Materials Engineering (5 Years, Bachelor and Master of Technology (Dual Degree))",5,1,already in branch sheet,MEMS012,Metallurgy Engineering And Material Science,
CollegeFees,"Metallurgy and Materials Engineering (4 Years, Bachelor of Technology)","Metallurgy and Materials Engineering (4 Years, Bachelor of Technology)",21,2,already in branch sheet,MEMS014,Metallurgy Engineering And Material Science,
CollegeFees,"Microelectronics & VLSI Engineering (4 Years, Bachelor of Technology)","Microelectronics & VLSI Engineering (4 Years, Bachelor of Technology)",10,1,already in branch sheet,ELEC029,Electronics And Communications Engineering,
CollegeFees,"Mineral and Metallurgical Engineering (4 Years, Bachelor of Technology)","Mineral and Metallurgical Engineering (4 Years, Bachelor of Technology)",9,1,already in branch sheet,MEMS013,Metallurgy Engineering And Material Science,
CollegeFees,"Mining Engineering (4 Years, Bachelor of Technology)","Mining Engineering (4 Years, Bachelor of Technology)",77,8,already in branch sheet,MININGENG001,Mining Engineering,
CollegeFees,"Mining Engineering (5 Years, Bachelor and Master of Technology (Dual Degree))","Mining Engineering (5 Years, Bachelor and Master of Technology (Dual Degree))",14,2,already in branch sheet,MININGENG002,Mining Engineering,
CollegeFees,"Mining Machinery Engineering (4 Years, Bachelor of Technology)","Mining Machinery Engineering (4 Years, Bachelor of Technology)",9,1,already in branch sheet,MININGENG003,Mining Engineering,
CollegeFees,"Naval Architecture and Ocean Engineering (4 Years, Bachelor of Technology)","Naval Architecture and Ocean Engineering (4 Years, Bachelor of Technology)",12,1,already in branch sheet,MARINE005,Ocean Engineering,
CollegeFees,"Ocean Engineering and Naval Architecture (4 Years, Bachelor of Technology)","Ocean Engineering and Naval Architecture (4 Years, Bachelor of Technology)",10,1,already in branch sheet,MARINE006,Ocean Engineering,
CollegeFees,"Petroleum Engineering (4 Years, Bachelor of Technology)","Petroleum Engineering (4 Years, Bachelor of Technology)",11,1,already in branch sheet,PETROLENG001,Petroleum Engineering,
CollegeFees,"Pharmaceutical Engineering & Technology (4 Years, Bachelor of Technology)","Pharmaceutical Engineering & Technology (4 Years, Bachelor of Technology)",10,1,already in branch sheet,PHARMAENG001,Pharmaceutical Engineering,
CollegeFees,"Pharmaceutical Engineering & Technology (5 Years, Bachelor and Master of Technology (Dual Degree))","Pharmaceutical Engineering & Technology (5 Years, Bachelor and Master of Technology (Dual Degree))",7,1,already in branch sheet,PHARMAENG002,Pharmaceutical Engineering,
CollegeFees,"Physics (4 Years, Bachelor of Science)","Physics (4 Years, Bachelor of Science)",21,2,already in branch sheet,PHYSICS002,Physics,
CollegeFees,"Physics (5 Years, Bachelor of Science and Master of Science (Dual Degree))","Physics (5 Years, Bachelor of Science and Master of Science (Dual Degree))",21,3,already in branch sheet,PHYSICS003,Physics,
CollegeFees,"Physics (5 Years, Integrated Master of Science)","Physics (5 Years, Integrated Master of Science)",32,5,already in branch sheet,PHYSICS005,Physics,
CollegeFees,"Physics with Specialization (4 Years, Bachelor of Science)","Physics with Specialization (4 Years, Bachelor of Science)",8,1,already in branch sheet,PHYSICS004,Physics,
CollegeFees,"Planning (4 Years, Bachelor of Planning)","Planning (4 Years, Bachelor of Planning)",8,1,already in branch sheet,PLAN001,Planning,
CollegeFees,"Printing and Packaging Technology (4 Years, Bachelor of Technology)","Printing and Packaging Technology (4 Years, Bachelor of Technology)",5,1,already in branch sheet,PRINTENG001,Printing Engineering,
CollegeFees,"Production Engineering (4 Years, Bachelor of Technology)","Production Engineering (4 Years, Bachelor of Technology)",37,3,already in branch sheet,INDENG007,Industrial / Manufacturing / Production Engineering,
CollegeFees,"Production and Industrial Engineering (4 Years, Bachelor of Technology)","Production and Industrial Engineering (4 Years, Bachelor of Technology)",63,7,already in branch sheet,INDENG006,Industrial / Manufacturing / Production Engineering,
CollegeFees,"Quantitative Economics & Data Science (5 Years, Integrated Master of Science)","Quantitative Economics & Data Science (5 Years, Integrated Master of Science)",6,1,already in branch sheet,ECON004,Economics,
CollegeFees,"ROBOTICS & AUTOMATION (4 Years, Bachelor of Technology)","ROBOTICS & AUTOMATION (4 Years, Bachelor of Technology)",11,1,already in branch sheet,ROBOENG001,Robotics Engineering,
CollegeFees,ROBOTICS AND ARTIFICIAL INTELLIGENCE,ROBOTICS AND ARTIFICIAL INTELLIGENCE,45,5,already in branch sheet,AIML025,Artificial Intelligence,
CollegeFees,"SUSTAINABLE ENERGY TECHNOLOGIES (4 Years, Bachelor of Technology)","SUSTAINABLE ENERGY TECHNOLOGIES (4 Years, Bachelor of Technology)",10,1,already in branch sheet,ENERGYENG002,Energy Engineering,
CollegeFees,"Smart Manufacturing (4 Years, Bachelor of Technology)","Smart Manufacturing (4 Years, Bachelor of Technology)",23,2,already in branch sheet,INDENG021,Industrial / Manufacturing / Production Engineering,
CollegeFees,"Space Sciences and Engineering (4 Years, Bachelor of Technology)","Space Sciences and Engineering (4 Years, Bachelor of Technology)",8,1,already in branch sheet,SPACEENG001,Space Engineering,
CollegeFees,"Statistics and Data Science (4 Years, Bachelor of Science)","Statistics and Data Science (4 Years, Bachelor of Science)",10,1,already in branch sheet,AIML003,Data Science,
CollegeFees,"Textile Technology (4 Years, Bachelor of Technology)","Textile Technology (4 Years, Bachelor of Technology)",20,2,already in branch sheet,TEXTILE001,Textile Engineering,
CollegeFees,"VLSI Design and Technology (4 Years, Bachelor of Technology)","VLSI Design and Technology (4 Years, Bachelor of Technology)",10,1,already in branch sheet,ELEC025,Electronics And Communications Engineering,
GUJCET,AERONAUTICAL ENGINEERING,AERONAUTICAL ENGINEERING,7,5,already in branch sheet,AERO007,Aerospace Engineering,
GUJCET,AGRICULTURAL ENGINEERING,AGRICULTURAL ENGINEERING,3,2,already in branch sheet,AGRIENG004,Agricultural Engineering,
GUJCET,ARTIFICIAL INTELLIGENCE AND DATA SCIENCE,ARTIFICIAL INTELLIGENCE AND DATA SCIENCE,37,15,already in branch sheet,AIML022,Artificial Intelligence,
GUJCET,AUTOMOBILE ENGINEERING,AUTOMOBILE ENGINEERING,13,8,already in branch sheet,AUTOENG003,Automobile Engineering,
GUJCET,BIOINFORMATICS,BIOINFORMATICS,2,1,already in branch sheet,BIOTECH010,Biotechnology,
GUJCET,BIOMEDICAL ENGINEERING,BIOMEDICAL ENGINEERING,7,2,already in branch sheet,BIOMEDENG,Biomedical Engineering,
GUJCET,BIOTECHNOLOGY,BIOTECHNOLOGY,21,8,already in branch sheet,BIOTECH007,Biotechnology,
GUJCET,CHEMICAL ENGINEERING,CHEMICAL ENGINEERING,106,32,already in branch sheet,CHEMENG009,Chemical Engineering,
GUJCET,CIVIL ENGINEERING,CIVIL ENGINEERING,161,69,already in branch sheet,CIVILENG014,Civil Engineering,
GUJCET,COMPUTER ENGINEERING,COMPUTER ENGINEERING,265,87,already in branch sheet,CSIT058,Computer Science And Engineering,
GUJCET,COMPUTER ENGINEERING (SOFTWARE ENGINEERING),COMPUTER ENGINEERING (SOFTWARE ENGINEERING),2,1,already in branch sheet,CSIT074,Computer Science And Engineering,
GUJCET,COMPUTER SCIENCE & INFORMATION TECHNOLOGY,COMPUTER SCIENCE & INFORMATION TECHNOLOGY,7,2,already in branch sheet,CSIT,Computer Science / Information Technology,
GUJCET,CYBER SECURITY,CYBER SECURITY,7,5,already in branch sheet,CYBERSEC,Cyber Security,
GUJCET,ELECTRICAL AND ELECTRONICS ENGINEERING,ELECTRICAL AND ELECTRONICS ENGINEERING,7,2,already in branch sheet,ELEC062,Electrical And Electronics Engineering,
GUJCET,ELECTRICAL ENGINEERING,ELECTRICAL ENGINEERING,135,53,already in branch sheet,ELEC054,Electrical Engineering,
GUJCET,ELECTRONICS ENGINEERING,ELECTRONICS ENGINEERING,13,2,already in branch sheet,ELEC060,Electronics And Communications Engineering,
GUJCET,ENVIRONMENTAL ENGINEERING,ENVIRONMENTAL ENGINEERING,9,3,already in branch sheet,ENVENG,Environmental Engineering,
GUJCET,Electrical Engineering,Electrical Engineering,2,2,already in branch sheet,ELEC054,Electrical Engineering,
GUJCET,FOOD TECHNOLOGY,FOOD TECHNOLOGY,4,2,already in branch sheet,FOODENG005,Food Engineering,
GUJCET,Food Technology,Food Technology,1,1,already in branch sheet,FOODENG005,Food Engineering,
GUJCET,INFORMATION TECHNOLOGY,INFORMATION TECHNOLOGY,164,63,already in branch sheet,CSIT012,Information Technology,
GUJCET,Information Technology,Information Technology,2,1,already in branch sheet,CSIT012,Information Technology,
GUJCET,MARINE ENGINEERING,MARINE ENGINEERING,1,1,already in branch sheet,MARINE004,Marine Engineering,
GUJCET,MATHEMATICS AND COMPUTING,MATHEMATICS AND COMPUTING,7,2,already in branch sheet,MNC014,Mathematics And Computing,
GUJCET,MECHANICAL ENGINEERING,MECHANICAL ENGINEERING,189,77,already in branch sheet,MECHENG018,Mechanical Engineering ,
GUJCET,MECHATRONICS ENGINEERING,MECHATRONICS ENGINEERING,2,2,already in branch sheet,MECHENG020,Mechanical Engineering ,
GUJCET,METALLURGY,METALLURGY,1,1,already in branch sheet,MEMS019,Metallurgy Engineering And Material Science,
GUJCET,MINING ENGINEERING,MINING ENGINEERING,1,1,already in branch sheet,MININGENG005,Mining Engineering,
GUJCET,PETROLEUM ENGINEERING,PETROLEUM ENGINEERING,8,2,already in branch sheet,PETROLENG,Petroleum Engineering,
GUJCET,PHARMACEUTICAL ENGINEERING,PHARMACEUTICAL ENGINEERING,1,1,already in branch sheet,PHARMAENG,Pharmaceutical Engineering,
GUJCET,PLASTIC TECHNOLOGY,PLASTIC TECHNOLOGY,2,1,already in branch sheet,POLYMERTECH005,Polymer Technology,
GUJCET,PRODUCTION ENGINEERING,PRODUCTION ENGINEERING,4,1,already in branch sheet,INDENG022,Industrial / Manufacturing / Production Engineering,
GUJCET,ROBOTICS AND AUTOMATION,ROBOTICS AND AUTOMATION,24,8,already in branch sheet,ROBOENG006,Robotics Engineering,
GUJCET,TEXTILE ENGINEERING,TEXTILE ENGINEERING,2,1,already in branch sheet,TEXTILE,Textile Engineering,
GUJCET,TEXTILE TECHNOLOGY,TEXTILE TECHNOLOGY,4,2,already in branch sheet,TEXTILE008,Textile Engineering,
JoSAA,"Aeronautical Engineering (4 Years, Bachelor of Technology)","Aeronautical Engineering (4 Years, Bachelor of Technology)",88,1,already in branch sheet,AERO003,Aerospace Engineering,
JoSAA,"Aerospace Engineering (4 Years, Bachelor of Technology)","Aerospace Engineering (4 Years, Bachelor of Technology)",3997,8,already in branch sheet,AERO001,Aerospace Engineering,
JoSAA,"Aerospace Engineering (5 Years, Bachelor and Master of Technology (Dual Degree))","Aerospace Engineering (5 Years, Bachelor and Master of Technology (Dual Degree))",777,3,already in branch sheet,AERO002,Aerospace Engineering,
JoSAA,"Agricultural Engineering (4 Years, Bachelor of Technology)","Agricultural Engineering (4 Years, Bachelor of Technology)",949,2,already in branch sheet,AGRIENG002,Agricultural Engineering,
JoSAA,"Agricultural and Food Engineering (4 Years, Bachelor of Technology)","Agricultural and Food Engineering (4 Years, Bachelor of Technology)",522,1,already in branch sheet,AGRIENG001,Agricultural Engineering,
JoSAA,"Applied Geology (4 Years, Bachelor of Science)","Applied Geology (4 Years, Bachelor of Science)",289,1,already in branch sheet,GEO005,Geology,
JoSAA,"Applied Geology (5 Years, Integrated Master of Technology)","Applied Geology (5 Years, Integrated Master of Technology)",442,2,already in branch sheet,GEO008,Geology,
JoSAA,"Applied Geophysics (5 Years, Integrated Master of Technology)","Applied Geophysics (5 Years, Integrated Master of Technology)",446,2,already in branch sheet,GEO007,Geophysics,
JoSAA,"Architecture (5 Years, Bachelor of Architecture)","Architecture (5 Years, Bachelor of Architecture)",12753,21,already in branch sheet,ARCH001,Architecture,
JoSAA,"Architecture and Planning (5 Years, Bachelor of Architecture)","Architecture and Planning (5 Years, Bachelor of Architecture)",81,1,already in branch sheet,ARCH002,Architecture,
JoSAA,"Artificial Intelligence (4 Years, Bachelor of Technology)","Artificial Intelligence (4 Years, Bachelor of Technology)",2018,8,already in branch sheet,AIML002,Artificial Intelligence,
JoSAA,"Artificial Intelligence (5 Years, Integrated B. Tech. and M. Tech.)","Artificial Intelligence (5 Years, Integrated B. Tech. and M. Tech.)",207,1,already in branch sheet,AIML016,Artificial Intelligence,
JoSAA,"Artificial Intelligence and Data Analytics (4 Years, Bachelor of Technology)","Artificial Intelligence and Data Analytics (4 Years, Bachelor of Technology)",132,1,already in branch sheet,AIML004,Artificial Intelligence,
JoSAA,"Artificial Intelligence and Data Engineering (4 Years, Bachelor of Technology)","Artificial Intelligence and Data Engineering (4 Years, Bachelor of Technology)",598,3,already in branch sheet,AIML008,Artificial Intelligence,
JoSAA,"Artificial Intelligence and Data Science (4 Years, Bachelor of Technology)","Artificial Intelligence and Data Science (4 Years, Bachelor of Technology)",2051,10,already in branch sheet,AIML010,Artificial Intelligence,
JoSAA,"Artificial Intelligence and Machine Learning (4 Years, Bachelor of Technology)","Artificial Intelligence and Machine Learning (4 Years, Bachelor of Technology)",891,4,already in branch sheet,AIML014,Artificial Intelligence,
JoSAA,"B. Tech in CE. - M. Tech. in Geotechnical Engineering (5 Years, B.Tech. + M.Tech./MS (Dual Degree))","B. Tech in CE. - M. Tech. in Geotechnical Engineering (5 Years, B.Tech. + M.Tech./MS (Dual Degree))",108,1,already in branch sheet,CIVILENG004,Civil Engineering,
JoSAA,"B. Tech in CE. - M. Tech. in Structural Engineering (5 Years, B.Tech. + M.Tech./MS (Dual Degree))","B. Tech in CE. - M. Tech. in Structural Engineering (5 Years, B.Tech. + M.Tech./MS (Dual Degree))",97,1,already in branch sheet,CIVILENG006,Civil Engineering,
JoSAA,"B. Tech. (CSE) and M.Tech in CSE (5 Years, B.Tech. + M.Tech./MS (Dual Degree))","B. Tech. (CSE) and M.Tech in CSE (5 Years, B.Tech. + M.Tech./MS (Dual Degree))",119,1,already in branch sheet,CSIT017,Computer Science And Engineering,
JoSAA,"B. Tech. (ECE) -M. Tech. in VLSI (5 Years, B.Tech. + M.Tech./MS (Dual Degree))","B. Tech. (ECE) -M. Tech. in VLSI (5 Years, B.Tech. + M.Tech./MS (Dual Degree))",119,1,already in branch sheet,ELEC018,Electronics And Communications Engineering,
JoSAA,"B. Tech. (EEE)-M. Tech. in (Power &. Control) (5 Years, B.Tech. + M.Tech./MS (Dual Degree))","B. Tech. (EEE)-M. Tech. in (Power &. Control) (5 Years, B.Tech. + M.Tech./MS (Dual Degree))",102,1,already in branch sheet,ELEC021,Electrical And Electronics Engineering,
JoSAA,"B. Tech. (ME) - M. Tech. in Mechatronics (5 Years, B.Tech. + M.Tech./MS (Dual Degree))","B. Tech. (ME) - M. Tech. in Mechatronics (5 Years, B.Tech. + M.Tech./MS (Dual Degree))",119,1,already in branch sheet,MECHENG007,Mechanical Engineering ,
JoSAA,"B. Tech. (Mathematics & Computing) M. Tech. in (Mathematics & Computing) (5 Years, B.Tech. + M.Tech./MS (Dual Degree))","B. Tech. (Mathematics & Computing) M. Tech. in (Mathematics & Computing) (5 Years, B.Tech. + M.Tech./MS (Dual Degree))",119,1,already in branch sheet,MNC007,Mathematics And Computing,
JoSAA,"B.Tech (Artificial Intelligence and Data Science) - MBA in Digital Business Management (IIM Bodh Gaya) (5 Years, Bachelor of Technology and MBA (Dual Degree))","B.Tech (Artificial Intelligence and Data Science) - MBA in Digital Business Management (IIM Bodh Gaya) (5 Years, Bachelor of Technology and MBA (Dual Degree))",44,1,already in branch sheet,AIML012,Artificial Intelligence,
JoSAA,"B.Tech (Chemical Engineering) - MBA in Hospital and Health Care Management (IIM Bodh Gaya) (5 Years, Bachelor of Technology and MBA (Dual Degree))","B.Tech (Chemical Engineering) - MBA in Hospital and Health Care Management (IIM Bodh Gaya) (5 Years, Bachelor of Technology and MBA (Dual Degree))",39,1,already in branch sheet,CHEMENG003,Chemical Engineering,
JoSAA,"B.Tech (Chemical Science and Technology) - MBA in Hospital and Health Care Management (IIM Bodh Gaya) (5 Years, Bachelor of Technology and MBA (Dual Degree))","B.Tech (Chemical Science and Technology) - MBA in Hospital and Health Care Management (IIM Bodh Gaya) (5 Years, Bachelor of Technology and MBA (Dual Degree))",44,1,already in branch sheet,CHEMSCI004,Chemical Science,
JoSAA,"B.Tech (Civil Engineering) - MBA (IIM Bodh Gaya) (5 Years, Bachelor of Technology and MBA (Dual Degree))","B.Tech (Civil Engineering) - MBA (IIM Bodh Gaya) (5 Years, Bachelor of Technology and MBA (Dual Degree))",51,1,already in branch sheet,CIVILENG005,Civil Engineering,
JoSAA,"B.Tech (Computer Science and Engineering) - MBA in Digital Business Management (IIM Bodh Gaya) (5 Years, Bachelor of Technology and MBA (Dual Degree))","B.Tech (Computer Science and Engineering) - MBA in Digital Business Management (IIM Bodh Gaya) (5 Years, Bachelor of Technology and MBA (Dual Degree))",55,1,already in branch sheet,CSIT016,Computer Science And Engineering,
JoSAA,"B.Tech (Electrical and Electronics Engineering) - MBA (IIM Bodh Gaya) (5 Years, Bachelor of Technology and MBA (Dual Degree))","B.Tech (Electrical and Electronics Engineering) - MBA (IIM Bodh Gaya) (5 Years, Bachelor of Technology and MBA (Dual Degree))",55,1,already in branch sheet,ELEC022,Electrical And Electronics Engineering,
JoSAA,"B.Tech (Electronics and Communication Engineering) - MBA in Hospital and Healthcare Management (IIM Bodh Gaya) (5 Years, Bachelor of Technology and MBA (Dual Degree))","B.Tech (Electronics and Communication Engineering) - MBA in Hospital and Healthcare Management (IIM Bodh Gaya) (5 Years, Bachelor of Technology and MBA (Dual Degree))",44,1,already in branch sheet,ELEC020,Electronics And Communications Engineering,
JoSAA,"B.Tech (Engineering Physics) - MBA (IIM Bodh Gaya) (5 Years, Bachelor of Technology and MBA (Dual Degree))","B.Tech (Engineering Physics) - MBA (IIM Bodh Gaya) (5 Years, Bachelor of Technology and MBA (Dual Degree))",54,1,already in branch sheet,ENGPHY003,Engineering Physics,
JoSAA,"B.Tech (Mathematics and Computing) - MBA in Digital Business Management (IIM Bodh Gaya) (5 Years, Bachelor of Technology and MBA (Dual Degree))","B.Tech (Mathematics and Computing) - MBA in Digital Business Management (IIM Bodh Gaya) (5 Years, Bachelor of Technology and MBA (Dual Degree))",44,1,already in branch sheet,MNC008,Mathematics And Computing,
JoSAA,"B.Tech (Mechanical Engineering) - MBA (IIM Mumbai) (5 Years, Bachelor of Technology and MBA (Dual Degree))","B.Tech (Mechanical Engineering) - MBA (IIM Mumbai) (5 Years, Bachelor of Technology and MBA (Dual Degree))",77,1,already in branch sheet,MECHENG006,Mechanical Engineering ,
JoSAA,"B.Tech (Metallurgical and Materials Engineering) - MBA (IIM Bodh Gaya) (5 Years, Bachelor of Technology and MBA (Dual Degree))","B.Tech (Metallurgical and Materials Engineering) - MBA (IIM Bodh Gaya) (5 Years, Bachelor of Technology and MBA (Dual Degree))",55,1,already in branch sheet,MEMS006,Metallurgy Engineering And Material Science,
JoSAA,"B.Tech in Artificial Intelligenece and Data Science (Transportation and Logistics) (4 Years, Bachelor of Technology)","B.Tech in Artificial Intelligenece and Data Science (Transportation and Logistics) (4 Years, Bachelor of Technology)",98,1,already in branch sheet,AIML017,Artificial Intelligence,
JoSAA,"B.Tech in Aviation Engineering (4 Years, Bachelor of Technology)","B.Tech in Aviation Engineering (4 Years, Bachelor of Technology)",75,1,already in branch sheet,AERO004,Aerospace Engineering,
JoSAA,"B.Tech in Civil Engineering (Rail Engineering) (4 Years, Bachelor of Technology)","B.Tech in Civil Engineering (Rail Engineering) (4 Years, Bachelor of Technology)",110,1,already in branch sheet,CIVILENG008,Civil Engineering,
JoSAA,"B.Tech in Electrical Engineering ( Rail Engineering) (4 Years, Bachelor of Technology)","B.Tech in Electrical Engineering ( Rail Engineering) (4 Years, Bachelor of Technology)",75,1,already in branch sheet,ELEC040,Electrical Engineering,
JoSAA,"B.Tech in Electronics & Communication Engineering (Rail Engineering) (4 Years, Bachelor of Technology)","B.Tech in Electronics & Communication Engineering (Rail Engineering) (4 Years, Bachelor of Technology)",100,1,already in branch sheet,ELEC041,Electronics And Communications Engineering,
JoSAA,"B.Tech in General Engineering (4 Years, Bachelor of Technology)","B.Tech in General Engineering (4 Years, Bachelor of Technology)",154,1,already in branch sheet,GENENG001,General Engineering,
JoSAA,"B.Tech in Materials Science and Engineering (4 Years, Bachelor of Technology)","B.Tech in Materials Science and Engineering (4 Years, Bachelor of Technology)",148,1,already in branch sheet,MEMS010,Metallurgy Engineering And Material Science,
JoSAA,"B.Tech in Mathematics and Computing (4 Years, Bachelor of Technology)","B.Tech in Mathematics and Computing (4 Years, Bachelor of Technology)",530,5,already in branch sheet,MNC006,Mathematics And Computing,
JoSAA,"B.Tech in Mechanical Engineering ( Rail Engineering) (4 Years, Bachelor of Technology)","B.Tech in Mechanical Engineering ( Rail Engineering) (4 Years, Bachelor of Technology)",99,1,already in branch sheet,MECHENG013,Mechanical Engineering ,
JoSAA,"B.Tech in Mechanical Engineering and M.Tech in AI and Robotics (5 Years, B.Tech. + M.Tech./MS (Dual Degree))","B.Tech in Mechanical Engineering and M.Tech in AI and Robotics (5 Years, B.Tech. + M.Tech./MS (Dual Degree))",103,1,already in branch sheet,MECHENG011,Mechanical Engineering ,
JoSAA,"B.Tech in Microelectronics & VLSI (4 Years, Bachelor of Technology)","B.Tech in Microelectronics & VLSI (4 Years, Bachelor of Technology)",159,1,already in branch sheet,ELEC019,Electronics And Communications Engineering,
JoSAA,"B.Tech. in Electronics and Communication Engineering and M.Tech. in Communication Systems (5 Years, Bachelor and Master of Technology (Dual Degree))","B.Tech. in Electronics and Communication Engineering and M.Tech. in Communication Systems (5 Years, Bachelor and Master of Technology (Dual Degree))",248,2,already in branch sheet,ELEC017,Electronics And Communications Engineering,
JoSAA,"B.Tech. in Electronics and Communication Engineering and M.Tech. in VLSI Design (5 Years, Bachelor and Master of Technology (Dual Degree))","B.Tech. in Electronics and Communication Engineering and M.Tech. in VLSI Design (5 Years, Bachelor and Master of Technology (Dual Degree))",86,1,already in branch sheet,ELEC036,Electronics And Communications Engineering,
JoSAA,"BS in Chemical Sciences (4 Years, Bachelor of Science)","BS in Chemical Sciences (4 Years, Bachelor of Science)",143,1,already in branch sheet,CHEMSCI003,Chemical Science,
JoSAA,"BS in Economics with MBA (IIM Bodh Gaya) (5 Years, Bachelor of Science and MBA (Dual Degree))","BS in Economics with MBA (IIM Bodh Gaya) (5 Years, Bachelor of Science and MBA (Dual Degree))",55,1,already in branch sheet,ECON003,Economics,
JoSAA,"BS in Mathematics (4 Years, Bachelor of Science)","BS in Mathematics (4 Years, Bachelor of Science)",380,1,already in branch sheet,MATH001,Mathematics,
JoSAA,"Bachelor of Design (4 Years, Bachelor of Design)","Bachelor of Design (4 Years, Bachelor of Design)",27,1,already in branch sheet,DESIGN001,Design,
JoSAA,"Bio Engineering (4 Years, Bachelor of Technology)","Bio Engineering (4 Years, Bachelor of Technology)",703,3,already in branch sheet,BIOENG004,Biological Engineering,
JoSAA,"Bio Medical Engineering (4 Years, Bachelor of Technology)","Bio Medical Engineering (4 Years, Bachelor of Technology)",2042,3,already in branch sheet,BIOMEDENG002,Biomedical Engineering,
JoSAA,"Bio Technology (4 Years, Bachelor of Technology)","Bio Technology (4 Years, Bachelor of Technology)",9460,15,already in branch sheet,BIOTECH003,Biotechnology,
JoSAA,"Biochemical Engineering with M.Tech. in Biochemical Engineering and Biotechnology (5 Years, Bachelor and Master of Technology (Dual Degree))","Biochemical Engineering with M.Tech. in Biochemical Engineering and Biotechnology (5 Years, Bachelor and Master of Technology (Dual Degree))",375,1,already in branch sheet,BIOCHEMENG001,Biochemical Engineering,
JoSAA,"Bioengineering with M.Tech in Biomedical Technology (5 Years, Bachelor and Master of Technology (Dual Degree))","Bioengineering with M.Tech in Biomedical Technology (5 Years, Bachelor and Master of Technology (Dual Degree))",383,1,already in branch sheet,BIOENG005,Biological Engineering,
JoSAA,"Biological Engineering (4 Years, Bachelor of Technology)","Biological Engineering (4 Years, Bachelor of Technology)",170,1,already in branch sheet,BIOENG001,Biological Engineering,
JoSAA,"Biological Science (4 Years, Bachelor of Science)","Biological Science (4 Years, Bachelor of Science)",170,1,already in branch sheet,BIOSCI001,Biological Science And Engineering,
JoSAA,"Biological Sciences and Bioengineering (4 Years, Bachelor of Technology)","Biological Sciences and Bioengineering (4 Years, Bachelor of Technology)",534,1,already in branch sheet,BIOENG002,Biological Engineering,
JoSAA,"Biomedical Engineering (4 Years, Bachelor of Technology)","Biomedical Engineering (4 Years, Bachelor of Technology)",445,3,already in branch sheet,BIOMEDENG001,Biomedical Engineering,
JoSAA,"Biosciences and Bioengineering (4 Years, Bachelor of Technology)","Biosciences and Bioengineering (4 Years, Bachelor of Technology)",704,3,already in branch sheet,BIOENG003,Biological Engineering,
JoSAA,"Biotechnology (5 Years, Bachelor and Master of Technology (Dual Degree))","Biotechnology (5 Years, Bachelor and Master of Technology (Dual Degree))",332,1,already in branch sheet,BIOTECH004,Biotechnology,
JoSAA,"Biotechnology and Biochemical Engineering (4 Years, Bachelor of Technology)","Biotechnology and Biochemical Engineering (4 Years, Bachelor of Technology)",1692,3,already in branch sheet,BIOTECH001,Biotechnology,
JoSAA,"Biotechnology and Bioinformatics (4 Years, Bachelor of Technology)","Biotechnology and Bioinformatics (4 Years, Bachelor of Technology)",243,1,already in branch sheet,BIOTECH002,Biotechnology,
JoSAA,"CSE ( Data Science & Analytics) (4 Years, Bachelor of Technology)","CSE ( Data Science & Analytics) (4 Years, Bachelor of Technology)",71,1,already in branch sheet,CSIT036,Computer Science And Engineering,
JoSAA,"Carpet and Textile Technology (4 Years, Bachelor of Technology)","Carpet and Textile Technology (4 Years, Bachelor of Technology)",329,1,already in branch sheet,TEXTILE002,Textile Engineering,
JoSAA,"Ceramic Engineering (4 Years, Bachelor of Technology)","Ceramic Engineering (4 Years, Bachelor of Technology)",1464,2,already in branch sheet,CERAMIC001,Ceramic Engineering,
JoSAA,"Ceramic Engineering (5 Years, Bachelor and Master of Technology (Dual Degree))","Ceramic Engineering (5 Years, Bachelor and Master of Technology (Dual Degree))",347,1,already in branch sheet,CERAMIC002,Ceramic Engineering,
JoSAA,"Ceramic Engineering and M.Tech Industrial Ceramic (5 Years, Bachelor and Master of Technology (Dual Degree))","Ceramic Engineering and M.Tech Industrial Ceramic (5 Years, Bachelor and Master of Technology (Dual Degree))",502,1,already in branch sheet,CERAMIC003,Ceramic Engineering,
JoSAA,"Chemical Engineering (4 Years, Bachelor of Technology)","Chemical Engineering (4 Years, Bachelor of Technology)",29179,42,already in branch sheet,CHEMENG002,Chemical Engineering,
JoSAA,"Chemical Engineering (5 Years, Bachelor and Master of Technology (Dual Degree))","Chemical Engineering (5 Years, Bachelor and Master of Technology (Dual Degree))",1957,6,already in branch sheet,CHEMENG001,Chemical Engineering,
JoSAA,"Chemical Engineering (5 Years, Integrated Masters in Technology)","Chemical Engineering (5 Years, Integrated Masters in Technology)",312,1,already in branch sheet,CHEMENG006,Chemical Engineering,
JoSAA,"Chemical Science and Technology (4 Years, Bachelor of Technology)","Chemical Science and Technology (4 Years, Bachelor of Technology)",733,3,already in branch sheet,CHEMSCI001,Chemical Science And Technology,
JoSAA,"Chemical Sciences (5 Years, Bachelor of Science and Master of Science (Dual Degree))","Chemical Sciences (5 Years, Bachelor of Science and Master of Science (Dual Degree))",261,1,already in branch sheet,CHEMSCI002,Chemical Science,
JoSAA,"Chemical Technology (5 Years, Bachelor and Master of Technology (Dual Degree))","Chemical Technology (5 Years, Bachelor and Master of Technology (Dual Degree))",165,1,already in branch sheet,CHEMENG004,Chemical Engineering,
JoSAA,"Chemical and Biochemical Engineering (4 Years, Bachelor of Technology)","Chemical and Biochemical Engineering (4 Years, Bachelor of Technology)",187,1,already in branch sheet,CHEMENG005,Chemical Engineering,
JoSAA,"Chemistry (4 Years, Bachelor of Science)","Chemistry (4 Years, Bachelor of Science)",1411,4,already in branch sheet,CHEM001,Chemistry,
JoSAA,"Chemistry (5 Years, Bachelor of Science and Master of Science (Dual Degree))","Chemistry (5 Years, Bachelor of Science and Master of Science (Dual Degree))",503,1,already in branch sheet,CHEM004,Chemistry,
JoSAA,"Chemistry (5 Years, Integrated Master of Science)","Chemistry (5 Years, Integrated Master of Science)",3057,9,already in branch sheet,CHEM003,Chemistry,
JoSAA,"Chemistry with Specialization (4 Years, Bachelor of Science)","Chemistry with Specialization (4 Years, Bachelor of Science)",181,1,already in branch sheet,CHEM002,Chemistry,
JoSAA,"Civil Engineering (4 Years, Bachelor of Technology)","Civil Engineering (4 Years, Bachelor of Technology)",47370,70,already in branch sheet,CIVILENG001,Civil Engineering,
JoSAA,"Civil Engineering (5 Years, Bachelor and Master of Technology (Dual Degree))","Civil Engineering (5 Years, Bachelor and Master of Technology (Dual Degree))",615,3,already in branch sheet,CIVILENG002,Civil Engineering,
JoSAA,"Civil Engineering with Specialization in Construction Technology and Management (5 Years, Bachelor and Master of Technology (Dual Degree))","Civil Engineering with Specialization in Construction Technology and Management (5 Years, Bachelor and Master of Technology (Dual Degree))",196,1,already in branch sheet,CIVILENG007,Civil Engineering,
JoSAA,"Civil and Environmental Engineering (4 Years, Bachelor of Technology)","Civil and Environmental Engineering (4 Years, Bachelor of Technology)",195,1,already in branch sheet,CIVILENG009,Civil Engineering,
JoSAA,"Civil and Infrastructure Engineering (4 Years, Bachelor of Technology)","Civil and Infrastructure Engineering (4 Years, Bachelor of Technology)",523,2,already in branch sheet,CIVILENG003,Civil Engineering,
JoSAA,"Computational Engineering (4 Years, Bachelor of Technology)","Computational Engineering (4 Years, Bachelor of Technology)",266,1,already in branch sheet,CSIT015,Computer Science And Engineering,
JoSAA,"Computational Mathematics (5 Years, Bachelor and Master of Technology (Dual Degree))","Computational Mathematics (5 Years, Bachelor and Master of Technology (Dual Degree))",251,1,already in branch sheet,MNC011,Mathematics And Computing,
JoSAA,"Computational and Data Science (4 Years, Bachelor of Technology)","Computational and Data Science (4 Years, Bachelor of Technology)",391,1,already in branch sheet,AIML007,Data Science,
JoSAA,"Computer Engineering (4 Years, Bachelor of Technology)","Computer Engineering (4 Years, Bachelor of Technology)",2592,9,already in branch sheet,CSIT035,Computer Science And Engineering,
JoSAA,"Computer Science (4 Years, Bachelor of Technology)","Computer Science (4 Years, Bachelor of Technology)",494,1,already in branch sheet,CSIT026,Computer Science And Engineering,
JoSAA,"Computer Science Engineering (Artificial Intelligence) (4 Years, B. Tech / B. Tech (Hons.))","Computer Science Engineering (Artificial Intelligence) (4 Years, B. Tech / B. Tech (Hons.))",311,2,already in branch sheet,CSIT021,Computer Science And Engineering,
JoSAA,"Computer Science Engineering (Artificial lntelligence and Machine Learning) (4 Years, Bachelor of Technology)","Computer Science Engineering (Artificial lntelligence and Machine Learning) (4 Years, Bachelor of Technology)",352,2,already in branch sheet,CSIT030,Computer Science And Engineering,
JoSAA,"Computer Science Engineering (Data Science and Analytics) (4 Years, Bachelor of Technology)","Computer Science Engineering (Data Science and Analytics) (4 Years, Bachelor of Technology)",163,1,already in branch sheet,CSIT031,Computer Science And Engineering,
JoSAA,"Computer Science Engineering (Data Science) (4 Years, B. Tech / B. Tech (Hons.))","Computer Science Engineering (Data Science) (4 Years, B. Tech / B. Tech (Hons.))",357,2,already in branch sheet,CSIT022,Computer Science And Engineering,
JoSAA,"Computer Science Engineering (Human Computer lnteraction and Gaming Technology) (4 Years, Bachelor of Technology)","Computer Science Engineering (Human Computer lnteraction and Gaming Technology) (4 Years, Bachelor of Technology)",164,1,already in branch sheet,CSIT034,Computer Science And Engineering,
JoSAA,"Computer Science and Artificial Intelligence (4 Years, Bachelor of Technology)","Computer Science and Artificial Intelligence (4 Years, Bachelor of Technology)",432,1,already in branch sheet,CSIT023,Computer Science And Engineering,
JoSAA,"Computer Science and Business (4 Years, Bachelor of Technology)","Computer Science and Business (4 Years, Bachelor of Technology)",361,1,already in branch sheet,CSIT027,Computer Science And Engineering,
JoSAA,"Computer Science and Engineering ( Artificial Intelligence & Data Science) (4 Years, Bachelor of Technology)","Computer Science and Engineering ( Artificial Intelligence & Data Science) (4 Years, Bachelor of Technology)",348,3,already in branch sheet,CSIT018,Computer Science And Engineering,
JoSAA,"Computer Science and Engineering (4 Years, Bachelor of Technology)","Computer Science and Engineering (4 Years, Bachelor of Technology)",71404,112,already in branch sheet,CSIT013,Computer Science And Engineering,
JoSAA,"Computer Science and Engineering (5 Years, Bachelor and Master of Technology (Dual Degree))","Computer Science and Engineering (5 Years, Bachelor and Master of Technology (Dual Degree))",3931,15,already in branch sheet,CSIT014,Computer Science And Engineering,
JoSAA,"Computer Science and Engineering (Artificial Intelligence) (4 Years, Bachelor of Technology)","Computer Science and Engineering (Artificial Intelligence) (4 Years, Bachelor of Technology)",77,1,already in branch sheet,CSIT024,Computer Science And Engineering,
JoSAA,"Computer Science and Engineering (Cyber Physical System) (4 Years, Bachelor of Technology)","Computer Science and Engineering (Cyber Physical System) (4 Years, Bachelor of Technology)",67,1,already in branch sheet,CSIT038,Computer Science And Engineering,
JoSAA,"Computer Science and Engineering (Cyber Security) (4 Years, Bachelor of Technology)","Computer Science and Engineering (Cyber Security) (4 Years, Bachelor of Technology)",242,4,already in branch sheet,CSIT028,Computer Science And Engineering,
JoSAA,"Computer Science and Engineering (Data Science) (4 Years, Bachelor of Technology)","Computer Science and Engineering (Data Science) (4 Years, Bachelor of Technology)",127,2,already in branch sheet,CSIT032,Computer Science And Engineering,
JoSAA,"Computer Science and Engineering (with Specialization of Data Science and Artificial Intelligence)  (4 Years, B. Tech / B. Tech (Hons.))","Computer Science and Engineering (with Specialization of Data Science and Artificial Intelligence) (4 Years, B. Tech / B. Tech (Hons.))",170,1,already in branch sheet,CSIT037,Computer Science And Engineering,
JoSAA,"Computer Science and Engineering with Major in Artificial Intelligence (4 Years, Bachelor of Technology)","Computer Science and Engineering with Major in Artificial Intelligence (4 Years, Bachelor of Technology)",395,2,already in branch sheet,CSIT025,Computer Science And Engineering,
JoSAA,"Computer Science and Engineering with Specialization in Cyber Security (5 Years, Bachelor and Master of Technology (Dual Degree))","Computer Science and Engineering with Specialization in Cyber Security (5 Years, Bachelor and Master of Technology (Dual Degree))",356,1,already in branch sheet,CSIT020,Computer Science And Engineering,
JoSAA,"Computer Science and Engineering with Specialization in Data Science (5 Years, Bachelor and Master of Technology (Dual Degree))","Computer Science and Engineering with Specialization in Data Science (5 Years, Bachelor and Master of Technology (Dual Degree))",373,1,already in branch sheet,CSIT019,Computer Science And Engineering,
JoSAA,"Computer Science and Engineering with specialization in Artificial Intelligence and Data Science (4 Years, Bachelor of Technology)","Computer Science and Engineering with specialization in Artificial Intelligence and Data Science (4 Years, Bachelor of Technology)",411,3,already in branch sheet,CSIT029,Computer Science And Engineering,
JoSAA,"Computer Science and Engineering with specialization in Cyber Security  (4 Years, Bachelor of Technology)","Computer Science and Engineering with specialization in Cyber Security (4 Years, Bachelor of Technology)",508,3,already in branch sheet,CSIT033,Computer Science And Engineering,
JoSAA,"Dairy Engineering (4 Years, Bachelor of Technology)","Dairy Engineering (4 Years, Bachelor of Technology)",85,1,already in branch sheet,DAIRYENG001,Dairy Engineering,
JoSAA,"Data Science and Artificial Intelligence (4 Years, Bachelor of Technology)","Data Science and Artificial Intelligence (4 Years, Bachelor of Technology)",1483,6,already in branch sheet,AIML006,Artificial Intelligence,
JoSAA,"Data Science and Engineering (4 Years, Bachelor of Technology)","Data Science and Engineering (4 Years, Bachelor of Technology)",961,3,already in branch sheet,AIML005,Data Science,
JoSAA,"Earth Sciences (4 Years, Bachelor of Science)","Earth Sciences (4 Years, Bachelor of Science)",520,1,already in branch sheet,EARTHSCI001,Earth Science And Engineering,
JoSAA,"Economics (4 Years, Bachelor of Science)","Economics (4 Years, Bachelor of Science)",1482,4,already in branch sheet,ECON001,Economics,
JoSAA,"Economics (5 Years, Bachelor of Science and Master of Science (Dual Degree))","Economics (5 Years, Bachelor of Science and Master of Science (Dual Degree))",267,1,already in branch sheet,ECON002,Economics,
JoSAA,"Electrical Engineering (4 Years, Bachelor of Technology)","Electrical Engineering (4 Years, Bachelor of Technology)",36405,56,already in branch sheet,ELEC007,Electrical Engineering,
JoSAA,"Electrical Engineering (5 Years, Bachelor and Master of Technology (Dual Degree))","Electrical Engineering (5 Years, Bachelor and Master of Technology (Dual Degree))",974,6,already in branch sheet,ELEC010,Electrical Engineering,
JoSAA,"Electrical Engineering (IC Design and Technology) (4 Years, Bachelor of Technology)","Electrical Engineering (IC Design and Technology) (4 Years, Bachelor of Technology)",225,1,already in branch sheet,ELEC013,Electrical Engineering,
JoSAA,"Electrical Engineering (Power and Automation) (4 Years, Bachelor of Technology)","Electrical Engineering (Power and Automation) (4 Years, Bachelor of Technology)",631,1,already in branch sheet,ELEC008,Electrical Engineering,
JoSAA,"Electrical Engineering with M.Tech. in Power Electronics (5 Years, Bachelor and Master of Technology (Dual Degree))","Electrical Engineering with M.Tech. in Power Electronics (5 Years, Bachelor and Master of Technology (Dual Degree))",453,1,already in branch sheet,ELEC014,Electrical Engineering,
JoSAA,"Electrical Engineering with Specialization In Power System Engineering (5 Years, Bachelor and Master of Technology (Dual Degree))","Electrical Engineering with Specialization In Power System Engineering (5 Years, Bachelor and Master of Technology (Dual Degree))",338,1,already in branch sheet,ELEC027,Electrical Engineering,
JoSAA,"Electrical and Electronics Engineering (4 Years, Bachelor of Technology)","Electrical and Electronics Engineering (4 Years, Bachelor of Technology)",15864,24,already in branch sheet,ELEC016,Electrical And Electronics Engineering,
JoSAA,"Electronic Engineering (4 Years, Bachelor of Technology)","Electronic Engineering (4 Years, Bachelor of Technology)",68,1,already in branch sheet,ELEC038,Electrical Engineering,
JoSAA,"Electronics Engineering (4 Years, Bachelor of Technology)","Electronics Engineering (4 Years, Bachelor of Technology)",689,2,already in branch sheet,ELEC012,Electrical Engineering,
JoSAA,"Electronics Engineering (VLSI Design and Technology) (4 Years, Bachelor of Technology)","Electronics Engineering (VLSI Design and Technology) (4 Years, Bachelor of Technology)",275,2,already in branch sheet,ELEC031,Electrical Engineering,
JoSAA,"Electronics and Communication Engineering (4 Years, Bachelor of Technology)","Electronics and Communication Engineering (4 Years, Bachelor of Technology)",52217,88,already in branch sheet,ELEC009,Electronics And Communications Engineering,
JoSAA,"Electronics and Communication Engineering (5 Years, Bachelor and Master of Technology (Dual Degree))","Electronics and Communication Engineering (5 Years, Bachelor and Master of Technology (Dual Degree))",1236,4,already in branch sheet,ELEC030,Electronics And Communications Engineering,
JoSAA,"Electronics and Communication Engineering (Avionics) (4 Years, Bachelor of Technology)","Electronics and Communication Engineering (Avionics) (4 Years, Bachelor of Technology)",152,2,already in branch sheet,ELEC042,Electronics And Communications Engineering,
JoSAA,"Electronics and Communication Engineering (Internet of Things) (4 Years, Bachelor of Technology)","Electronics and Communication Engineering (Internet of Things) (4 Years, Bachelor of Technology)",154,1,already in branch sheet,ELEC034,Electronics And Communications Engineering,
JoSAA,"Electronics and Communication Engineering (VLSI Design and Technology) (4 Years, Bachelor of Technology)","Electronics and Communication Engineering (VLSI Design and Technology) (4 Years, Bachelor of Technology)",334,1,already in branch sheet,ELEC023,Electronics And Communications Engineering,
JoSAA,"Electronics and Communication Engineering (with Specialization of Embedded Systems and Internet of Things)  (4 Years, B. Tech / B. Tech (Hons.))","Electronics and Communication Engineering (with Specialization of Embedded Systems and Internet of Things) (4 Years, B. Tech / B. Tech (Hons.))",172,1,already in branch sheet,ELEC035,Electronics And Communications Engineering,
JoSAA,"Electronics and Communication Engineering with Specialization in Microelectronics and VLSI System Design (5 Years, Bachelor and Master of Technology (Dual Degree))","Electronics and Communication Engineering with Specialization in Microelectronics and VLSI System Design (5 Years, Bachelor and Master of Technology (Dual Degree))",340,1,already in branch sheet,ELEC026,Electronics And Communications Engineering,
JoSAA,"Electronics and Communication Engineering with specialization in Design and Manufacturing (4 Years, Bachelor of Technology)","Electronics and Communication Engineering with specialization in Design and Manufacturing (4 Years, Bachelor of Technology)",468,2,already in branch sheet,ELEC033,Electronics And Communications Engineering,
JoSAA,"Electronics and Communication Engineering with specialization in VLSI and Embedded Systems (4 Years, Bachelor of Technology)","Electronics and Communication Engineering with specialization in VLSI and Embedded Systems (4 Years, Bachelor of Technology)",145,2,already in branch sheet,ELEC037,Electronics And Communications Engineering,
JoSAA,"Electronics and Electrical Communication Engineering (4 Years, Bachelor of Technology)","Electronics and Electrical Communication Engineering (4 Years, Bachelor of Technology)",729,1,already in branch sheet,ELEC006,Electronics And Communications Engineering,
JoSAA,"Electronics and Electrical Engineering (4 Years, Bachelor of Technology)","Electronics and Electrical Engineering (4 Years, Bachelor of Technology)",609,1,already in branch sheet,ELEC011,Electrical And Electronics Engineering,
JoSAA,"Electronics and Instrumentation Engineering (4 Years, Bachelor of Technology)","Electronics and Instrumentation Engineering (4 Years, Bachelor of Technology)",3749,9,already in branch sheet,ELEC024,Electrical And Electronics Engineering,
JoSAA,"Electronics and Telecommunication Engineering (4 Years, Bachelor of Technology)","Electronics and Telecommunication Engineering (4 Years, Bachelor of Technology)",1544,4,already in branch sheet,ELEC032,Electronics And Communications Engineering,
JoSAA,"Electronics and VLSI Engineering (4 Years, Bachelor of Technology)","Electronics and VLSI Engineering (4 Years, Bachelor of Technology)",504,2,already in branch sheet,ELEC028,Electrical And Electronics Engineering,
JoSAA,"Energy Engineering (4 Years, Bachelor of Technology)","Energy Engineering (4 Years, Bachelor of Technology)",1102,6,already in branch sheet,ENERGYENG001,Energy Engineering,
JoSAA,"Engineering Design (5 Years, Bachelor and Master of Technology (Dual Degree))","Engineering Design (5 Years, Bachelor and Master of Technology (Dual Degree))",584,1,already in branch sheet,ENGDES001,Engineering Design,
JoSAA,"Engineering Physics (4 Years, Bachelor of Technology)","Engineering Physics (4 Years, Bachelor of Technology)",6969,21,already in branch sheet,ENGPHY001,Engineering Physics,
JoSAA,"Engineering Physics (5 Years, Bachelor and Master of Technology (Dual Degree))","Engineering Physics (5 Years, Bachelor and Master of Technology (Dual Degree))",868,2,already in branch sheet,ENGPHY002,Engineering Physics,
JoSAA,"Engineering Science (4 Years, Bachelor of Technology)","Engineering Science (4 Years, Bachelor of Technology)",521,1,already in branch sheet,ENGSCI001,Engineering Science,
JoSAA,"Engineering and Computational Mechanics (4 Years, Bachelor of Technology)","Engineering and Computational Mechanics (4 Years, Bachelor of Technology)",1066,3,already in branch sheet,MECHENG004,Mechanical Engineering ,
JoSAA,"Environmental Engineering (4 Years, Bachelor of Technology)","Environmental Engineering (4 Years, Bachelor of Technology)",518,2,already in branch sheet,ENVENG002,Environmental Engineering,
JoSAA,"Environmental Science and Engineering (4 Years, Bachelor of Technology)","Environmental Science and Engineering (4 Years, Bachelor of Technology)",182,1,already in branch sheet,ENVENG001,Environmental Engineering,
JoSAA,"Exploration Geophysics (4 Years, Bachelor of Science)","Exploration Geophysics (4 Years, Bachelor of Science)",290,1,already in branch sheet,GEO006,Geophysics,
JoSAA,"Fashion and Apparel Engineering (4 Years, Bachelor of Technology)","Fashion and Apparel Engineering (4 Years, Bachelor of Technology)",85,1,already in branch sheet,TEXTILE004,Textile Engineering,
JoSAA,"Food Engineering and Technology (4 Years, Bachelor of Technology)","Food Engineering and Technology (4 Years, Bachelor of Technology)",678,4,already in branch sheet,FOODENG002,Food Engineering,
JoSAA,"Food Process Engineering (4 Years, Bachelor of Technology)","Food Process Engineering (4 Years, Bachelor of Technology)",949,2,already in branch sheet,FOODENG001,Food Engineering,
JoSAA,"Food Technology (4 Years, Bachelor of Technology)","Food Technology (4 Years, Bachelor of Technology)",930,5,already in branch sheet,FOODENG004,Food Engineering,
JoSAA,"Food Technology and Management (4 Years, Bachelor of Technology)","Food Technology and Management (4 Years, Bachelor of Technology)",239,2,already in branch sheet,FOODENG003,Food Engineering,
JoSAA,"Geological Technology (5 Years, Integrated Master of Technology)","Geological Technology (5 Years, Integrated Master of Technology)",506,1,already in branch sheet,GEO003,Geological Technology,
JoSAA,"Geophysical Technology (5 Years, Integrated Master of Technology)","Geophysical Technology (5 Years, Integrated Master of Technology)",508,1,already in branch sheet,GEO004,Geological Technology,
JoSAA,"Handloom and Textile Technology (4 Years, Bachelor of Technology)","Handloom and Textile Technology (4 Years, Bachelor of Technology)",253,2,already in branch sheet,TEXTILE003,Textile Engineering,
JoSAA,"Industrial Chemistry (4 Years, Bachelor of Technology)","Industrial Chemistry (4 Years, Bachelor of Technology)",490,3,already in branch sheet,INDCHEM001,Industrial Chemistry,
JoSAA,"Industrial Chemistry (5 Years, Bachelor and Master of Technology (Dual Degree))","Industrial Chemistry (5 Years, Bachelor and Master of Technology (Dual Degree))",345,1,already in branch sheet,INDCHEM002,Industrial Chemistry,
JoSAA,"Industrial Design (4 Years, Bachelor of Technology)","Industrial Design (4 Years, Bachelor of Technology)",850,1,already in branch sheet,INDENG009,Industrial / Manufacturing / Production Engineering,
JoSAA,"Industrial Engineering and Operations Research (4 Years, Bachelor of Technology)","Industrial Engineering and Operations Research (4 Years, Bachelor of Technology)",127,1,already in branch sheet,INDENG004,Industrial / Manufacturing / Production Engineering,
JoSAA,"Industrial Internet of Things (4 Years, Bachelor of Technology)","Industrial Internet of Things (4 Years, Bachelor of Technology)",332,1,already in branch sheet,INDENG008,Industrial / Manufacturing / Production Engineering,
JoSAA,"Industrial and Production Engineering (4 Years, Bachelor of Technology)","Industrial and Production Engineering (4 Years, Bachelor of Technology)",1263,4,already in branch sheet,INDENG010,Industrial / Manufacturing / Production Engineering,
JoSAA,"Industrial and Systems Engineering (4 Years, Bachelor of Technology)","Industrial and Systems Engineering (4 Years, Bachelor of Technology)",538,1,already in branch sheet,INDENG005,Industrial / Manufacturing / Production Engineering,
JoSAA,"Information Technology (4 Years, Bachelor of Technology)","Information Technology (4 Years, Bachelor of Technology)",12637,26,already in branch sheet,CSIT005,Information Technology,
JoSAA,"Information Technology-Business Informatics (4 Years, Bachelor of Technology)","Information Technology-Business Informatics (4 Years, Bachelor of Technology)",504,1,already in branch sheet,CSIT007,Information Technology,
JoSAA,"Instrumentation Engineering (4 Years, Bachelor of Technology)","Instrumentation Engineering (4 Years, Bachelor of Technology)",711,3,already in branch sheet,INSTRENG001,Instrumentation Engineering,
JoSAA,"Instrumentation and Control Engineering (4 Years, Bachelor of Technology)","Instrumentation and Control Engineering (4 Years, Bachelor of Technology)",2571,3,already in branch sheet,INSTRENG002,Instrumentation Engineering,
JoSAA,"Integrated B. Tech. - M. Tech in Civil Engineering (5 Years, Integrated B. Tech. and M. Tech.)","Integrated B. Tech. - M. Tech in Civil Engineering (5 Years, Integrated B. Tech. and M. Tech.)",26,1,already in branch sheet,CIVILENG010,Civil Engineering,
JoSAA,"Integrated B. Tech. - M. Tech in Computer Science & Engineering (5 Years, Integrated B. Tech. and M. Tech.)","Integrated B. Tech. - M. Tech in Computer Science & Engineering (5 Years, Integrated B. Tech. and M. Tech.)",29,1,already in branch sheet,CSIT039,Computer Science And Engineering,
JoSAA,"Integrated B. Tech. - M. Tech in Electrical Engineering (5 Years, Integrated B. Tech. and M. Tech.)","Integrated B. Tech. - M. Tech in Electrical Engineering (5 Years, Integrated B. Tech. and M. Tech.)",30,1,already in branch sheet,ELEC039,Electrical Engineering,
JoSAA,"Integrated B. Tech.(IT) and M. Tech (IT) (5 Years, Integrated B. Tech. and M. Tech.)","Integrated B. Tech.(IT) and M. Tech (IT) (5 Years, Integrated B. Tech. and M. Tech.)",377,1,already in branch sheet,CSIT008,Information Technology,
JoSAA,"Integrated B. Tech.(IT) and MBA (5 Years, Integrated B. Tech. and MBA)","Integrated B. Tech.(IT) and MBA (5 Years, Integrated B. Tech. and MBA)",342,1,already in branch sheet,CSIT006,Information Technology,
JoSAA,"Integrated B. Tech.- M. Tech in Metallurgical & Materials Engineering (5 Years, Integrated B. Tech. and M. Tech.)","Integrated B. Tech.- M. Tech in Metallurgical & Materials Engineering (5 Years, Integrated B. Tech. and M. Tech.)",27,1,already in branch sheet,MEMS016,Metallurgy Engineering And Material Science,
JoSAA,"Integrated Circuit Design & Technology (4 Years, Bachelor of Technology)","Integrated Circuit Design & Technology (4 Years, Bachelor of Technology)",105,1,already in branch sheet,ELEC015,Electrical Engineering,
JoSAA,"Interdisciplinary Sciences (5 Years, Bachelor of Science and Master of Science (Dual Degree))","Interdisciplinary Sciences (5 Years, Bachelor of Science and Master of Science (Dual Degree))",214,1,already in branch sheet,GENSCI003,Science,
JoSAA,"Life Science (5 Years, Integrated Master of Science)","Life Science (5 Years, Integrated Master of Science)",681,1,already in branch sheet,LIFESCI001,Life Science,
JoSAA,"Manufacturing Science and Engineering (4 Years, Bachelor of Technology)","Manufacturing Science and Engineering (4 Years, Bachelor of Technology)",520,1,already in branch sheet,INDENG020,Industrial / Manufacturing / Production Engineering,
JoSAA,"Material Science and Engineering (5 Years, Bachelor and Master of Technology (Dual Degree))","Material Science and Engineering (5 Years, Bachelor and Master of Technology (Dual Degree))",213,1,already in branch sheet,MEMS011,Metallurgy Engineering And Material Science,
JoSAA,"Materials Engineering (4 Years, Bachelor of Technology)","Materials Engineering (4 Years, Bachelor of Technology)",1361,5,already in branch sheet,MEMS003,Metallurgy Engineering And Material Science,
JoSAA,"Materials Engineering (5 Years, Integrated Master of Technology)","Materials Engineering (5 Years, Integrated Master of Technology)",83,1,already in branch sheet,MEMS015,Metallurgy Engineering And Material Science,
JoSAA,"Materials Science and Engineering (4 Years, Bachelor of Technology)","Materials Science and Engineering (4 Years, Bachelor of Technology)",2477,5,already in branch sheet,MEMS004,Metallurgy Engineering And Material Science,
JoSAA,"Materials Science and Metallurgical Engineering (4 Years, Bachelor of Technology)","Materials Science and Metallurgical Engineering (4 Years, Bachelor of Technology)",1713,3,already in branch sheet,MEMS005,Metallurgy Engineering And Material Science,
JoSAA,"Materials Science and Technology (5 Years, Bachelor and Master of Technology (Dual Degree))","Materials Science and Technology (5 Years, Bachelor and Master of Technology (Dual Degree))",411,1,already in branch sheet,MEMS009,Metallurgy Engineering And Material Science,
JoSAA,"Mathematics & Computing (5 Years, Bachelor of Science and Master of Science (Dual Degree))","Mathematics & Computing (5 Years, Bachelor of Science and Master of Science (Dual Degree))",646,2,already in branch sheet,MNC005,Mathematics And Computing,
JoSAA,"Mathematics (5 Years, Integrated Master of Science)","Mathematics (5 Years, Integrated Master of Science)",1965,5,already in branch sheet,MATH002,Mathematics,
JoSAA,"Mathematics and Computing (4 Years, Bachelor of Science)","Mathematics and Computing (4 Years, Bachelor of Science)",480,2,already in branch sheet,MNC002,Mathematics And Computing,
JoSAA,"Mathematics and Computing (4 Years, Bachelor of Technology)","Mathematics and Computing (4 Years, Bachelor of Technology)",5650,22,already in branch sheet,MNC001,Mathematics And Computing,
JoSAA,"Mathematics and Computing (5 Years, Bachelor and Master of Technology (Dual Degree))","Mathematics and Computing (5 Years, Bachelor and Master of Technology (Dual Degree))",1000,2,already in branch sheet,MNC003,Mathematics And Computing,
JoSAA,"Mathematics and Computing (5 Years, Integrated Master of Science)","Mathematics and Computing (5 Years, Integrated Master of Science)",628,3,already in branch sheet,MNC010,Mathematics And Computing,
JoSAA,"Mathematics and Computing Technology (5 Years, Bachelor and Master of Technology (Dual Degree))","Mathematics and Computing Technology (5 Years, Bachelor and Master of Technology (Dual Degree))",198,1,already in branch sheet,MNC009,Mathematics And Computing,
JoSAA,"Mathematics and Data Science (5 Years, Bachelor and Master of Technology (Dual Degree))","Mathematics and Data Science (5 Years, Bachelor and Master of Technology (Dual Degree))",464,1,already in branch sheet,AIML009,Data Science,
JoSAA,"Mathematics and Scientific Computing (4 Years, Bachelor of Science)","Mathematics and Scientific Computing (4 Years, Bachelor of Science)",623,1,already in branch sheet,MNC004,Mathematics And Computing,
JoSAA,"Mathematics and Scientific Computing (4 Years, Bachelor of Technology)","Mathematics and Scientific Computing (4 Years, Bachelor of Technology)",177,1,already in branch sheet,MNC012,Mathematics And Computing,
JoSAA,"Mechanical Engineering (4 Years, Bachelor of Technology)","Mechanical Engineering (4 Years, Bachelor of Technology)",51934,77,already in branch sheet,MECHENG003,Mechanical Engineering ,
JoSAA,"Mechanical Engineering (5 Years, Bachelor and Master of Technology (Dual Degree))","Mechanical Engineering (5 Years, Bachelor and Master of Technology (Dual Degree))",1123,8,already in branch sheet,MECHENG005,Mechanical Engineering ,
JoSAA,"Mechanical Engineering with Specialization in Manufacturing and Industrial Engineering (5 Years, Bachelor and Master of Technology (Dual Degree))","Mechanical Engineering with Specialization in Manufacturing and Industrial Engineering (5 Years, Bachelor and Master of Technology (Dual Degree))",350,1,already in branch sheet,MECHENG008,Mechanical Engineering ,
JoSAA,"Mechanical Engineering with specialization in Design and Manufacturing (4 Years, Bachelor of Technology)","Mechanical Engineering with specialization in Design and Manufacturing (4 Years, Bachelor of Technology)",429,2,already in branch sheet,MECHENG012,Mechanical Engineering ,
JoSAA,"Mechatronics Engineering (4 Years, Bachelor of Technology)","Mechatronics Engineering (4 Years, Bachelor of Technology)",675,4,already in branch sheet,MECHENG010,Mechanical Engineering ,
JoSAA,"Mechatronics and Automation Engineering (4 Years, Bachelor of Technology)","Mechatronics and Automation Engineering (4 Years, Bachelor of Technology)",330,2,already in branch sheet,MECHENG009,Mechanical Engineering ,
JoSAA,"Metallurgical Engineering (4 Years, Bachelor of Technology)","Metallurgical Engineering (4 Years, Bachelor of Technology)",766,2,already in branch sheet,MEMS007,Metallurgy Engineering And Material Science,
JoSAA,"Metallurgical Engineering (5 Years, Bachelor and Master of Technology (Dual Degree))","Metallurgical Engineering (5 Years, Bachelor and Master of Technology (Dual Degree))",419,1,already in branch sheet,MEMS008,Metallurgy Engineering And Material Science,
JoSAA,"Metallurgical Engineering and Materials Science (4 Years, Bachelor of Technology)","Metallurgical Engineering and Materials Science (4 Years, Bachelor of Technology)",1109,2,already in branch sheet,MEMS001,Metallurgy Engineering And Material Science,
JoSAA,"Metallurgical and Materials Engineering (4 Years, Bachelor of Technology)","Metallurgical and Materials Engineering (4 Years, Bachelor of Technology)",15125,19,already in branch sheet,MEMS002,Metallurgy Engineering And Material Science,
JoSAA,"Metallurgical and Materials Engineering (5 Years, Bachelor and Master of Technology (Dual Degree))","Metallurgical and Materials Engineering (5 Years, Bachelor and Master of Technology (Dual Degree))",1206,5,already in branch sheet,MEMS012,Metallurgy Engineering And Material Science,
JoSAA,"Metallurgy and Materials Engineering (4 Years, Bachelor of Technology)","Metallurgy and Materials Engineering (4 Years, Bachelor of Technology)",1353,3,already in branch sheet,MEMS014,Metallurgy Engineering And Material Science,
JoSAA,"Microelectronics & VLSI Engineering (4 Years, Bachelor of Technology)","Microelectronics & VLSI Engineering (4 Years, Bachelor of Technology)",212,1,already in branch sheet,ELEC029,Electronics And Communications Engineering,
JoSAA,"Mineral and Metallurgical Engineering (4 Years, Bachelor of Technology)","Mineral and Metallurgical Engineering (4 Years, Bachelor of Technology)",346,1,already in branch sheet,MEMS013,Metallurgy Engineering And Material Science,
JoSAA,"Mining Engineering (4 Years, Bachelor of Technology)","Mining Engineering (4 Years, Bachelor of Technology)",6055,9,already in branch sheet,MININGENG001,Mining Engineering,
JoSAA,"Mining Engineering (5 Years, Bachelor and Master of Technology (Dual Degree))","Mining Engineering (5 Years, Bachelor and Master of Technology (Dual Degree))",1294,4,already in branch sheet,MININGENG002,Mining Engineering,
JoSAA,"Mining Machinery Engineering (4 Years, Bachelor of Technology)","Mining Machinery Engineering (4 Years, Bachelor of Technology)",503,2,already in branch sheet,MININGENG003,Mining Engineering,
JoSAA,"Naval Architecture and Ocean Engineering (4 Years, Bachelor of Technology)","Naval Architecture and Ocean Engineering (4 Years, Bachelor of Technology)",561,1,already in branch sheet,MARINE005,Ocean Engineering,
JoSAA,"Ocean Engineering and Naval Architecture (4 Years, Bachelor of Technology)","Ocean Engineering and Naval Architecture (4 Years, Bachelor of Technology)",527,1,already in branch sheet,MARINE006,Ocean Engineering,
JoSAA,"Petroleum Engineering (4 Years, Bachelor of Technology)","Petroleum Engineering (4 Years, Bachelor of Technology)",528,2,already in branch sheet,PETROLENG001,Petroleum Engineering,
JoSAA,"Pharmaceutical Engineering & Technology (4 Years, Bachelor of Technology)","Pharmaceutical Engineering & Technology (4 Years, Bachelor of Technology)",505,1,already in branch sheet,PHARMAENG001,Pharmaceutical Engineering,
JoSAA,"Pharmaceutical Engineering & Technology (5 Years, Bachelor and Master of Technology (Dual Degree))","Pharmaceutical Engineering & Technology (5 Years, Bachelor and Master of Technology (Dual Degree))",329,1,already in branch sheet,PHARMAENG002,Pharmaceutical Engineering,
JoSAA,"Physics (4 Years, Bachelor of Science)","Physics (4 Years, Bachelor of Science)",866,3,already in branch sheet,PHYSICS002,Physics,
JoSAA,"Physics (5 Years, Bachelor of Science and Master of Science (Dual Degree))","Physics (5 Years, Bachelor of Science and Master of Science (Dual Degree))",1111,3,already in branch sheet,PHYSICS003,Physics,
JoSAA,"Physics (5 Years, Integrated Master of Science)","Physics (5 Years, Integrated Master of Science)",2604,8,already in branch sheet,PHYSICS005,Physics,
JoSAA,"Physics with Specialization (4 Years, Bachelor of Science)","Physics with Specialization (4 Years, Bachelor of Science)",187,1,already in branch sheet,PHYSICS004,Physics,
JoSAA,"Planning (4 Years, Bachelor of Planning)","Planning (4 Years, Bachelor of Planning)",1904,4,already in branch sheet,PLAN001,Planning,
JoSAA,"Printing and Packaging Technology (4 Years, Bachelor of Technology)","Printing and Packaging Technology (4 Years, Bachelor of Technology)",86,1,already in branch sheet,PRINTENG001,Printing Engineering,
JoSAA,"Production Engineering (4 Years, Bachelor of Technology)","Production Engineering (4 Years, Bachelor of Technology)",3360,4,already in branch sheet,INDENG007,Industrial / Manufacturing / Production Engineering,
JoSAA,"Production and Industrial Engineering (4 Years, Bachelor of Technology)","Production and Industrial Engineering (4 Years, Bachelor of Technology)",4958,8,already in branch sheet,INDENG006,Industrial / Manufacturing / Production Engineering,
JoSAA,"Quantitative Economics & Data Science (5 Years, Integrated Master of Science)","Quantitative Economics & Data Science (5 Years, Integrated Master of Science)",274,1,already in branch sheet,ECON004,Economics,
JoSAA,"ROBOTICS & AUTOMATION (4 Years, Bachelor of Technology)","ROBOTICS & AUTOMATION (4 Years, Bachelor of Technology)",205,1,already in branch sheet,ROBOENG001,Robotics Engineering,
JoSAA,"SUSTAINABLE ENERGY TECHNOLOGIES (4 Years, Bachelor of Technology)","SUSTAINABLE ENERGY TECHNOLOGIES (4 Years, Bachelor of Technology)",194,1,already in branch sheet,ENERGYENG002,Energy Engineering,
JoSAA,"Smart Manufacturing (4 Years, Bachelor of Technology)","Smart Manufacturing (4 Years, Bachelor of Technology)",775,2,already in branch sheet,INDENG021,Industrial / Manufacturing / Production Engineering,
JoSAA,"Space Sciences and Engineering (4 Years, Bachelor of Technology)","Space Sciences and Engineering (4 Years, Bachelor of Technology)",88,1,already in branch sheet,SPACEENG001,Space Engineering,
JoSAA,"Statistics and Data Science (4 Years, Bachelor of Science)","Statistics and Data Science (4 Years, Bachelor of Science)",284,1,already in branch sheet,AIML003,Data Science,
JoSAA,"Textile Technology (4 Years, Bachelor of Technology)","Textile Technology (4 Years, Bachelor of Technology)",1534,2,already in branch sheet,TEXTILE001,Textile Engineering,
JoSAA,"VLSI Design and Technology (4 Years, Bachelor of Technology)","VLSI Design and Technology (4 Years, Bachelor of Technology)",154,1,already in branch sheet,ELEC025,Electronics And Communications Engineering,
KCET,AERONAUTICAL ENGINEERING,AERONAUTICAL ENGINEERING,113,16,already in branch sheet,AERO007,Aerospace Engineering,
KCET,ARTIFICIAL INTELLIGENCE AND DATA SCIENCE,ARTIFICIAL INTELLIGENCE AND DATA SCIENCE,367,38,already in branch sheet,AIML022,Artificial Intelligence,
KCET,ARTIFICIAL INTELLIGENCE AND MACHINE LEARNING,ARTIFICIAL INTELLIGENCE AND MACHINE LEARNING,1104,91,already in branch sheet,AIML023,Artificial Intelligence,
KCET,AUTOMATION AND ROBOTICS,AUTOMATION AND ROBOTICS,15,2,already in branch sheet,ROBOENG005,Robotics Engineering,
KCET,AUTOMOBILE ENGINEERING,AUTOMOBILE ENGINEERING,16,3,already in branch sheet,AUTOENG003,Automobile Engineering,
KCET,BIO-MEDICAL ENGINEERING,BIO-MEDICAL ENGINEERING,7,4,already in branch sheet,BIOMEDENG005,Biomedical Engineering,
KCET,BIO-TECHNOLOGY,BIO-TECHNOLOGY,124,14,already in branch sheet,BIOTECH006,Biotechnology,
KCET,CHEMICAL ENGINEERING,CHEMICAL ENGINEERING,81,10,already in branch sheet,CHEMENG009,Chemical Engineering,
KCET,CIVIL ENGINEERING,CIVIL ENGINEERING,380,102,already in branch sheet,CIVILENG014,Civil Engineering,
KCET,COMPUTER ENGINEERING,COMPUTER ENGINEERING,14,4,already in branch sheet,CSIT058,Computer Science And Engineering,
KCET,COMPUTER SCIENCE,COMPUTER SCIENCE,14,3,already in branch sheet,CSIT067,Computer Science And Engineering,
KCET,COMPUTER SCIENCE AND BUSINESS SYSTEMS,COMPUTER SCIENCE AND BUSINESS SYSTEMS,136,13,already in branch sheet,CSIT073,Computer Science And Engineering,
KCET,COMPUTER SCIENCE AND DESIGN,COMPUTER SCIENCE AND DESIGN,109,17,already in branch sheet,CSIT061,Computer Science And Engineering,
KCET,COMPUTER SCIENCE AND ENGINEERING,COMPUTER SCIENCE AND ENGINEERING,2934,192,already in branch sheet,CSIT057,Computer Science And Engineering,
KCET,COMPUTER SCIENCE AND ENGINEERING(DATA SCIENCE),COMPUTER SCIENCE AND ENGINEERING(DATA SCIENCE),563,54,already in branch sheet,CSIT059,Computer Science And Engineering,
KCET,CYBER SECURITY,CYBER SECURITY,2,2,already in branch sheet,CYBERSEC,Cyber Security,
KCET,DESIGN,DESIGN,2,2,already in branch sheet,DESIGN002,Design,
KCET,ENGINEERING DESIGN,ENGINEERING DESIGN,1,1,already in branch sheet,ENGDES002,Engineering Design,
KCET,ENVIRONMENTAL ENGINEERING,ENVIRONMENTAL ENGINEERING,12,1,already in branch sheet,ENVENG,Environmental Engineering,
KCET,INDUSTRIAL DESIGN,INDUSTRIAL DESIGN,1,1,already in branch sheet,INDENG002,Industrial / Manufacturing / Production Engineering,
KCET,INDUSTRIAL IOT,INDUSTRIAL IOT,1,1,already in branch sheet,INDENG014,Industrial / Manufacturing / Production Engineering,
KCET,MARINE ENGINEERING,MARINE ENGINEERING,1,1,already in branch sheet,MARINE004,Marine Engineering,
KCET,MECHANICAL ENGINEERING,MECHANICAL ENGINEERING,473,105,already in branch sheet,MECHENG018,Mechanical Engineering ,
KCET,MINING ENGINEERING,MINING ENGINEERING,1,1,already in branch sheet,MININGENG005,Mining Engineering,
KCET,PLANNING,PLANNING,1,1,already in branch sheet,PLAN,Planning,
KCET,PRODUCTION ENGINEERING,PRODUCTION ENGINEERING,1,1,already in branch sheet,INDENG022,Industrial / Manufacturing / Production Engineering,
KCET,ROBOTICS AND ARTIFICIAL INTELLIGENCE,ROBOTICS AND ARTIFICIAL INTELLIGENCE,146,18,already in branch sheet,AIML025,Artificial Intelligence,
KCET,ROBOTICS AND AUTOMATION,ROBOTICS AND AUTOMATION,41,6,already in branch sheet,ROBOENG006,Robotics Engineering,
KEAM,Aeronautical Engineering,Aeronautical Engineering,157,5,already in branch sheet,AERO007,Aerospace Engineering,
KEAM,Artificial Intelligence,Artificial Intelligence,28,1,already in branch sheet,AIML024,Artificial Intelligence,
KEAM,Artificial Intelligence and Data Science,Artificial Intelligence and Data Science,587,31,already in branch sheet,AIML022,Artificial Intelligence,
KEAM,Artificial Intelligence and Machine Learning,Artificial Intelligence and Machine Learning,381,21,already in branch sheet,AIML023,Artificial Intelligence,
KEAM,Automobile Engineering,Automobile Engineering,41,4,already in branch sheet,AUTOENG003,Automobile Engineering,
KEAM,Bio Medical Engineering,Bio Medical Engineering,250,9,already in branch sheet,BIOMEDENG005,Biomedical Engineering,
KEAM,Bio Technology,Bio Technology,62,2,already in branch sheet,BIOTECH006,Biotechnology,
KEAM,Chemical Engineering,Chemical Engineering,334,9,already in branch sheet,CHEMENG009,Chemical Engineering,
KEAM,Civil Engineering,Civil Engineering,1893,98,already in branch sheet,CIVILENG014,Civil Engineering,
KEAM,Civil and Environmental Engineering,Civil and Environmental Engineering,50,2,already in branch sheet,CIVILENG017,Civil Engineering,
KEAM,Computer Science and Business Systems,Computer Science and Business Systems,97,8,already in branch sheet,CSIT073,Computer Science And Engineering,
KEAM,Computer Science and Design,Computer Science and Design,52,4,already in branch sheet,CSIT061,Computer Science And Engineering,
KEAM,Computer Science and Engineering,Computer Science and Engineering,2267,112,already in branch sheet,CSIT057,Computer Science And Engineering,
KEAM,Computer Science and Engineering (Artificial Intelligence and Data Science),Computer Science and Engineering (Artificial Intelligence and Data Science),16,1,already in branch sheet,CSIT076,Computer Science And Engineering,
KEAM,Electrical & Electronics,Electrical & Electronics,714,81,already in branch sheet,ELEC069,Electrical Engineering,
KEAM,Electrical and Computer Engineering,Electrical and Computer Engineering,264,14,already in branch sheet,CSIT068,Computer Science And Engineering,
KEAM,Electrical and Electronics Engineering,Electrical and Electronics Engineering,1152,84,already in branch sheet,ELEC062,Electrical And Electronics Engineering,
KEAM,Electronics and Computer Engineering,Electronics and Computer Engineering,150,11,already in branch sheet,ELEC057,Electronics And Communications Engineering,
KEAM,Food Technology,Food Technology,342,10,already in branch sheet,FOODENG005,Food Engineering,
KEAM,Industrial Engineering,Industrial Engineering,71,2,already in branch sheet,INDENG017,Industrial / Manufacturing / Production Engineering,
KEAM,Information Technology,Information Technology,352,8,already in branch sheet,CSIT012,Information Technology,
KEAM,Internet of Things,Internet of Things,4,1,already in branch sheet,INDENG003,Industrial / Manufacturing / Production Engineering,
KEAM,Mechanical Engineering,Mechanical Engineering,2319,98,already in branch sheet,MECHENG018,Mechanical Engineering ,
KEAM,Mechatronics Engineering,Mechatronics Engineering,83,6,already in branch sheet,MECHENG020,Mechanical Engineering ,
KEAM,Production Engineering,Production Engineering,42,2,already in branch sheet,INDENG022,Industrial / Manufacturing / Production Engineering,
KEAM,Robotics and Artificial Intelligence,Robotics and Artificial Intelligence,105,7,already in branch sheet,AIML025,Artificial Intelligence,
MHT-CET,5G,5G,18,1,already in branch sheet,ELEC058,Electronics And Communications Engineering,
MHT-CET,Aeronautical Engineering,Aeronautical Engineering,74,4,already in branch sheet,AERO007,Aerospace Engineering,
MHT-CET,Agricultural Engineering,Agricultural Engineering,15,1,already in branch sheet,AGRIENG004,Agricultural Engineering,
MHT-CET,Architecture,Architecture,983,55,already in branch sheet,ARCH004,Architecture,
MHT-CET,Artificial Intelligence,Artificial Intelligence,208,13,already in branch sheet,AIML024,Artificial Intelligence,
MHT-CET,Artificial Intelligence (AI) and Data Science,Artificial Intelligence (AI) and Data Science,1117,42,already in branch sheet,AIML021,Artificial Intelligence,
MHT-CET,Artificial Intelligence and Data Science,Artificial Intelligence and Data Science,2167,89,already in branch sheet,AIML022,Artificial Intelligence,
MHT-CET,Artificial Intelligence and Machine Learning,Artificial Intelligence and Machine Learning,1087,51,already in branch sheet,AIML023,Artificial Intelligence,
MHT-CET,Automation and Robotics,Automation and Robotics,409,16,already in branch sheet,ROBOENG005,Robotics Engineering,
MHT-CET,Automobile Engineering,Automobile Engineering,95,6,already in branch sheet,AUTOENG003,Automobile Engineering,
MHT-CET,Bio Medical Engineering,Bio Medical Engineering,67,3,already in branch sheet,BIOMEDENG005,Biomedical Engineering,
MHT-CET,Bio Technology,Bio Technology,82,4,already in branch sheet,BIOTECH006,Biotechnology,
MHT-CET,Chemical Engineering,Chemical Engineering,652,28,already in branch sheet,CHEMENG009,Chemical Engineering,
MHT-CET,Civil Engineering,Civil Engineering,4795,253,already in branch sheet,CIVILENG014,Civil Engineering,
MHT-CET,Civil Engineering and Planning,Civil Engineering and Planning,13,1,already in branch sheet,CIVILENG016,Civil Engineering,
MHT-CET,Civil and Environmental Engineering,Civil and Environmental Engineering,64,3,already in branch sheet,CIVILENG017,Civil Engineering,
MHT-CET,Civil and infrastructure Engineering,Civil and infrastructure Engineering,58,2,already in branch sheet,CIVILENG015,Civil Engineering,
MHT-CET,Computer Engineering,Computer Engineering,6058,219,already in branch sheet,CSIT058,Computer Science And Engineering,
MHT-CET,Computer Engineering (Software Engineering),Computer Engineering (Software Engineering),59,2,already in branch sheet,CSIT074,Computer Science And Engineering,
MHT-CET,Computer Science,Computer Science,131,5,already in branch sheet,CSIT067,Computer Science And Engineering,
MHT-CET,Computer Science and Business Systems,Computer Science and Business Systems,82,4,already in branch sheet,CSIT073,Computer Science And Engineering,
MHT-CET,Computer Science and Design,Computer Science and Design,144,7,already in branch sheet,CSIT061,Computer Science And Engineering,
MHT-CET,Computer Science and Engineering,Computer Science and Engineering,4178,144,already in branch sheet,CSIT057,Computer Science And Engineering,
MHT-CET,Computer Science and Engineering (Artificial Intelligence and Data Science),Computer Science and Engineering (Artificial Intelligence and Data Science),51,3,already in branch sheet,CSIT076,Computer Science And Engineering,
MHT-CET,Computer Science and Engineering (IoT),Computer Science and Engineering (IoT),46,4,already in branch sheet,CSIT071,Computer Science And Engineering,
MHT-CET,Computer Science and Engineering(Data Science),Computer Science and Engineering(Data Science),671,37,already in branch sheet,CSIT059,Computer Science And Engineering,
MHT-CET,Computer Science and Information Technology,Computer Science and Information Technology,107,4,already in branch sheet,CSIT075,Computer Science And Engineering,
MHT-CET,Computer Science and Technology,Computer Science and Technology,32,1,already in branch sheet,CSIT063,Computer Science And Engineering,
MHT-CET,Computer Technology,Computer Technology,64,4,already in branch sheet,CSIT069,Computer Science And Engineering,
MHT-CET,Cyber Security,Cyber Security,51,4,already in branch sheet,CYBERSEC,Cyber Security,
MHT-CET,Data Science,Data Science,71,6,already in branch sheet,AIML011,Data Science,
MHT-CET,Design,Design,19,3,already in branch sheet,DESIGN002,Design,
MHT-CET,Dyestuff Technology,Dyestuff Technology,11,1,already in branch sheet,OILPAINTTECH002,"Oil, Paints, Dye Technology",
MHT-CET,Electrical Engg[Electronics and Power],Electrical Engg[Electronics and Power],204,8,already in branch sheet,ELEC056,Electrical Engineering,
MHT-CET,Electrical Engineering,Electrical Engineering,3688,194,already in branch sheet,ELEC054,Electrical Engineering,
MHT-CET,Electrical and Computer Engineering,Electrical and Computer Engineering,91,6,already in branch sheet,CSIT068,Computer Science And Engineering,
MHT-CET,Electrical and Electronics Engineering,Electrical and Electronics Engineering,55,4,already in branch sheet,ELEC062,Electrical And Electronics Engineering,
MHT-CET,Electronics Engineering,Electronics Engineering,164,7,already in branch sheet,ELEC060,Electronics And Communications Engineering,
MHT-CET,Electronics and Biomedical Engineering,Electronics and Biomedical Engineering,27,1,already in branch sheet,ELEC065,Electronics And Communications Engineering,
MHT-CET,Electronics and Computer Engineering,Electronics and Computer Engineering,1007,45,already in branch sheet,ELEC057,Electronics And Communications Engineering,
MHT-CET,Electronics and Computer Science,Electronics and Computer Science,277,24,already in branch sheet,CSIT062,Computer Science And Engineering,
MHT-CET,Electronics and Telecommunication Engg,Electronics and Telecommunication Engg,5261,238,already in branch sheet,ELEC055,Electronics And Communications Engineering,
MHT-CET,Fibres and Textile Processing Technology,Fibres and Textile Processing Technology,14,1,already in branch sheet,TEXTILE009,Textile Engineering,
MHT-CET,Food Engineering,Food Engineering,9,1,already in branch sheet,FOODENG,Food Engineering,
MHT-CET,Food Engineering and Technology,Food Engineering and Technology,11,1,already in branch sheet,FOODENG006,Food Engineering,
MHT-CET,Food Technology,Food Technology,148,8,already in branch sheet,FOODENG005,Food Engineering,
MHT-CET,Food Technology And Management,Food Technology And Management,36,1,already in branch sheet,FOODENG007,Food Engineering,
MHT-CET,Industrial IoT,Industrial IoT,30,3,already in branch sheet,INDENG014,Industrial / Manufacturing / Production Engineering,
MHT-CET,Information Technology,Information Technology,3524,158,already in branch sheet,CSIT012,Information Technology,
MHT-CET,Instrumentation Engineering,Instrumentation Engineering,180,10,already in branch sheet,INSTRENG003,Instrumentation Engineering,
MHT-CET,Instrumentation and Control Engineering,Instrumentation and Control Engineering,142,6,already in branch sheet,INSTRENG007,Instrumentation Engineering,
MHT-CET,Internet of Things (IoT),Internet of Things (IoT),6,1,already in branch sheet,INDENG015,Industrial / Manufacturing / Production Engineering,
MHT-CET,Man Made Textile Technology,Man Made Textile Technology,13,1,already in branch sheet,TEXTILE010,Textile Engineering,
MHT-CET,Manufacturing Science and Engineering,Manufacturing Science and Engineering,24,1,already in branch sheet,INDENG016,Industrial / Manufacturing / Production Engineering,
MHT-CET,Mechanical & Automation Engineering,Mechanical & Automation Engineering,62,4,already in branch sheet,MECHENG019,Mechanical Engineering ,
MHT-CET,Mechanical Engineering,Mechanical Engineering,5827,297,already in branch sheet,MECHENG018,Mechanical Engineering ,
MHT-CET,Mechanical Engineering[Sandwich],Mechanical Engineering[Sandwich],17,1,already in branch sheet,MECHENG022,Mechanical Engineering ,
MHT-CET,Mechatronics Engineering,Mechatronics Engineering,281,12,already in branch sheet,MECHENG020,Mechanical Engineering ,
MHT-CET,Metallurgy and Material Technology,Metallurgy and Material Technology,25,1,already in branch sheet,MEMS017,Metallurgy Engineering And Material Science,
MHT-CET,Mining Engineering,Mining Engineering,63,3,already in branch sheet,MININGENG005,Mining Engineering,
MHT-CET,Oil Fats and Waxes Technology,Oil Fats and Waxes Technology,14,1,already in branch sheet,OILPAINTTECH006,"Oil, Paints, Dye Technology",
MHT-CET,Oil Technology,Oil Technology,9,1,already in branch sheet,OILPAINTTECH005,"Oil, Paints, Dye Technology",
MHT-CET,Oil and Paints Technology,Oil and Paints Technology,18,1,already in branch sheet,OILPAINTTECH001,"Oil, Paints, Dye Technology",
MHT-CET,"Oil,Oleochemicals and Surfactants Technology","Oil,Oleochemicals and Surfactants Technology",10,1,already in branch sheet,OILPAINTTECH003,"Oil, Paints, Dye Technology",
MHT-CET,Paints Technology,Paints Technology,15,1,already in branch sheet,OILPAINTTECH007,"Oil, Paints, Dye Technology",
MHT-CET,Paper and Pulp Technology,Paper and Pulp Technology,22,2,already in branch sheet,PAPERENG001,Paper And Printing Engineering,
MHT-CET,Petro Chemical Engineering,Petro Chemical Engineering,37,3,already in branch sheet,CHEMENG008,Chemical Engineering,
MHT-CET,Pharmaceutical and Fine Chemical Technology,Pharmaceutical and Fine Chemical Technology,12,1,already in branch sheet,PHARMAENG003,Pharmaceutical Engineering,
MHT-CET,Pharmaceuticals Chemistry and Technology,Pharmaceuticals Chemistry and Technology,13,1,already in branch sheet,PHARMAENG004,Pharmaceutical Engineering,
MHT-CET,Pharmacy,Pharmacy,11202,522,already in branch sheet,PHARMA,Pharmacy,
MHT-CET,Plastic Technology,Plastic Technology,17,1,already in branch sheet,POLYMERTECH005,Polymer Technology,
MHT-CET,Plastic and Polymer Engineering,Plastic and Polymer Engineering,27,2,already in branch sheet,POLYMERTECH002,Polymer Technology,
MHT-CET,Polymer Engineering and Technology,Polymer Engineering and Technology,10,1,already in branch sheet,POLYMERTECH003,Polymer Technology,
MHT-CET,Production Engineering,Production Engineering,22,1,already in branch sheet,INDENG022,Industrial / Manufacturing / Production Engineering,
MHT-CET,Production Engineering[Sandwich],Production Engineering[Sandwich],25,1,already in branch sheet,INDENG023,Industrial / Manufacturing / Production Engineering,
MHT-CET,Robotics and Artificial Intelligence,Robotics and Artificial Intelligence,86,5,already in branch sheet,AIML025,Artificial Intelligence,
MHT-CET,Robotics and Automation,Robotics and Automation,147,6,already in branch sheet,ROBOENG006,Robotics Engineering,
MHT-CET,Safety and Fire Engineering,Safety and Fire Engineering,9,1,already in branch sheet,SAFETYENG001,Safety Engineering,
MHT-CET,Structural Engineering,Structural Engineering,19,1,already in branch sheet,CIVILENG023,Structural Engineering,
MHT-CET,Surface Coating Technology,Surface Coating Technology,20,2,already in branch sheet,OILPAINTTECH004,"Oil, Paints, Dye Technology",
MHT-CET,Textile Engineering / Technology,Textile Engineering / Technology,4,1,already in branch sheet,TEXTILE007,Textile Engineering,
MHT-CET,Textile Technology,Textile Technology,58,3,already in branch sheet,TEXTILE008,Textile Engineering,
MHT-CET,VLSI,VLSI,21,1,already in branch sheet,ELEC003,Electrical / Electronics / Communications Engineering,
NEET,MBBS,MBBS,11340,1057,already in branch sheet,MBBS,MBBS,
OJEE,AEROSPACE ENGINEERING,AEROSPACE ENGINEERING,9,2,already in branch sheet,AERO,Aerospace Engineering,
OJEE,AEROSPACE ENGINEERING - TFW,AEROSPACE ENGINEERING,1,1,already in branch sheet,AERO,Aerospace Engineering,
OJEE,Aeronautical Engineering,Aeronautical Engineering,4,1,already in branch sheet,AERO007,Aerospace Engineering,
OJEE,Automobile Engineering,Automobile Engineering,5,2,already in branch sheet,AUTOENG003,Automobile Engineering,
OJEE,Automobile Engineering - TFW,Automobile Engineering,1,1,already in branch sheet,AUTOENG003,Automobile Engineering,
OJEE,Bio Technology(SSC),Bio Technology,6,1,already in branch sheet,BIOTECH006,Biotechnology,
OJEE,Bio Technology(SSC) - TFW,Bio Technology,1,1,already in branch sheet,BIOTECH006,Biotechnology,
OJEE,Bio Technology,Bio Technology,9,4,already in branch sheet,BIOTECH006,Biotechnology,
OJEE,Biomedical Engineering,Biomedical Engineering,7,2,already in branch sheet,BIOMEDENG,Biomedical Engineering,
OJEE,Biomedical Engineering - TFW,Biomedical Engineering,1,1,already in branch sheet,BIOMEDENG,Biomedical Engineering,
OJEE,Chemical Engineering,Chemical Engineering,18,4,already in branch sheet,CHEMENG009,Chemical Engineering,
OJEE,Chemical Engineering - TFW,Chemical Engineering,3,3,already in branch sheet,CHEMENG009,Chemical Engineering,
OJEE,Civil Engineering,Civil Engineering,169,78,already in branch sheet,CIVILENG014,Civil Engineering,
OJEE,Civil Engineering - TFW,Civil Engineering,11,11,already in branch sheet,CIVILENG014,Civil Engineering,
OJEE,Civil Engineering(SSC),Civil Engineering,7,1,already in branch sheet,CIVILENG014,Civil Engineering,
OJEE,Civil Engineering(SSC) - TFW,Civil Engineering,1,1,already in branch sheet,CIVILENG014,Civil Engineering,
OJEE,Computer Engineering,Computer Engineering,8,1,already in branch sheet,CSIT058,Computer Science And Engineering,
OJEE,Computer Engineering - TFW,Computer Engineering,1,1,already in branch sheet,CSIT058,Computer Science And Engineering,
OJEE,Computer Science,Computer Science,2,1,already in branch sheet,CSIT067,Computer Science And Engineering,
OJEE,Computer Science and Engineering,Computer Science and Engineering,257,85,already in branch sheet,CSIT057,Computer Science And Engineering,
OJEE,Computer Science and Engineering - TFW,Computer Science and Engineering,46,46,already in branch sheet,CSIT057,Computer Science And Engineering,
OJEE,Computer Science and Engineering(SSC),Computer Science and Engineering,32,4,already in branch sheet,CSIT057,Computer Science And Engineering,
OJEE,Computer Science and Engineering(SSC) - TFW,Computer Science and Engineering,4,4,already in branch sheet,CSIT057,Computer Science And Engineering,
OJEE,Computer Science and Engineering (IoT) - TFW,Computer Science and Engineering (IoT),1,1,already in branch sheet,CSIT071,Computer Science And Engineering,
OJEE,Computer Science and Information Technology,Computer Science and Information Technology,4,2,already in branch sheet,CSIT075,Computer Science And Engineering,
OJEE,Computer Science and Information Technology - TFW,Computer Science and Information Technology,2,2,already in branch sheet,CSIT075,Computer Science And Engineering,
OJEE,Electrical Engineering,Electrical Engineering,148,66,already in branch sheet,ELEC054,Electrical Engineering,
OJEE,Electrical Engineering - TFW,Electrical Engineering,13,13,already in branch sheet,ELEC054,Electrical Engineering,
OJEE,Electrical and Computer Engineering,Electrical and Computer Engineering,8,4,already in branch sheet,CSIT068,Computer Science And Engineering,
OJEE,Electrical and Computer Engineering - TFW,Electrical and Computer Engineering,2,2,already in branch sheet,CSIT068,Computer Science And Engineering,
OJEE,Electrical and Electronics Engineering(SSC),Electrical and Electronics Engineering,10,2,already in branch sheet,ELEC062,Electrical And Electronics Engineering,
OJEE,Electrical and Electronics Engineering(SSC) - TFW,Electrical and Electronics Engineering,2,2,already in branch sheet,ELEC062,Electrical And Electronics Engineering,
OJEE,Electrical and Electronics Engineering,Electrical and Electronics Engineering,64,35,already in branch sheet,ELEC062,Electrical And Electronics Engineering,
OJEE,Electrical and Electronics Engineering - TFW,Electrical and Electronics Engineering,5,5,already in branch sheet,ELEC062,Electrical And Electronics Engineering,
OJEE,Electronics and Computer Engineering,Electronics and Computer Engineering,3,2,already in branch sheet,ELEC057,Electronics And Communications Engineering,
OJEE,Electronics and Computer Engineering - TFW,Electronics and Computer Engineering,1,1,already in branch sheet,ELEC057,Electronics And Communications Engineering,
OJEE,Environmental Engineering,Environmental Engineering,2,1,already in branch sheet,ENVENG,Environmental Engineering,
OJEE,FOOD ENGINEERING AND TECHNOLOGY,FOOD ENGINEERING AND TECHNOLOGY,1,1,already in branch sheet,FOODENG006,Food Engineering,
OJEE,Information Technology(SSC),Information Technology,8,1,already in branch sheet,CSIT012,Information Technology,
OJEE,Information Technology(SSC) - TFW,Information Technology,1,1,already in branch sheet,CSIT012,Information Technology,
OJEE,Information Technology,Information Technology,4,3,already in branch sheet,CSIT012,Information Technology,
OJEE,Information Technology - TFW,Information Technology,2,2,already in branch sheet,CSIT012,Information Technology,
OJEE,Mechanical & Automation Engineering - TFW,Mechanical & Automation Engineering,1,1,already in branch sheet,MECHENG019,Mechanical Engineering ,
OJEE,Mechanical Engineering,Mechanical Engineering,178,85,already in branch sheet,MECHENG018,Mechanical Engineering ,
OJEE,Mechanical Engineering - TFW,Mechanical Engineering,15,15,already in branch sheet,MECHENG018,Mechanical Engineering ,
OJEE,Mining Engineering,Mining Engineering,16,6,already in branch sheet,MININGENG005,Mining Engineering,
OJEE,Mining Engineering - TFW,Mining Engineering,3,3,already in branch sheet,MININGENG005,Mining Engineering,
OJEE,Production Engineering,Production Engineering,12,2,already in branch sheet,INDENG022,Industrial / Manufacturing / Production Engineering,
OJEE,Production Engineering - TFW,Production Engineering,2,2,already in branch sheet,INDENG022,Industrial / Manufacturing / Production Engineering,
OJEE,SAFETY AND FIRE ENGINEERING,SAFETY AND FIRE ENGINEERING,4,1,already in branch sheet,SAFETYENG001,Safety Engineering,
OJEE,SAFETY AND FIRE ENGINEERING - TFW,SAFETY AND FIRE ENGINEERING,1,1,already in branch sheet,SAFETYENG001,Safety Engineering,
OJEE,Textile Engineering,Textile Engineering,6,1,already in branch sheet,TEXTILE,Textile Engineering,
OJEE,Textile Engineering - TFW,Textile Engineering,1,1,already in branch sheet,TEXTILE,Textile Engineering,
TG-EAPCET,AERONAUTICAL ENGINEERING,AERONAUTICAL ENGINEERING,88,4,already in branch sheet,AERO007,Aerospace Engineering,
TG-EAPCET,AGRICULTURAL ENGINEERING,AGRICULTURAL ENGINEERING,22,1,already in branch sheet,AGRIENG004,Agricultural Engineering,
TG-EAPCET,ARTIFICIAL INTELLIGENCE,ARTIFICIAL INTELLIGENCE,22,1,already in branch sheet,AIML024,Artificial Intelligence,
TG-EAPCET,ARTIFICIAL INTELLIGENCE AND DATA SCIENCE,ARTIFICIAL INTELLIGENCE AND DATA SCIENCE,341,17,already in branch sheet,AIML022,Artificial Intelligence,
TG-EAPCET,ARTIFICIAL INTELLIGENCE AND MACHINE LEARNING,ARTIFICIAL INTELLIGENCE AND MACHINE LEARNING,352,16,already in branch sheet,AIML023,Artificial Intelligence,
TG-EAPCET,AUTOMOBILE ENGINEERING,AUTOMOBILE ENGINEERING,22,1,already in branch sheet,AUTOENG003,Automobile Engineering,
TG-EAPCET,BIO-MEDICAL ENGINEERING,BIO-MEDICAL ENGINEERING,44,2,already in branch sheet,BIOMEDENG005,Biomedical Engineering,
TG-EAPCET,BIO-TECHNOLOGY,BIO-TECHNOLOGY,88,4,already in branch sheet,BIOTECH006,Biotechnology,
TG-EAPCET,CHEMICAL ENGINEERING,CHEMICAL ENGINEERING,88,4,already in branch sheet,CHEMENG009,Chemical Engineering,
TG-EAPCET,CIVIL ENGINEERING,CIVIL ENGINEERING,1947,91,already in branch sheet,CIVILENG014,Civil Engineering,
TG-EAPCET,COMPUTER ENGINEERING,COMPUTER ENGINEERING,11,1,already in branch sheet,CSIT058,Computer Science And Engineering,
TG-EAPCET,COMPUTER ENGINEERING(SOFTWARE ENGINEERING),COMPUTER ENGINEERING(SOFTWARE ENGINEERING),66,3,already in branch sheet,CSIT074,Computer Science And Engineering,
TG-EAPCET,COMPUTER SCIENCE AND ENGINEERING,COMPUTER SCIENCE AND ENGINEERING,3201,152,already in branch sheet,CSIT057,Computer Science And Engineering,
TG-EAPCET,COMPUTER SCIENCE AND ENGINEERING (DATA SCIENCE),COMPUTER SCIENCE AND ENGINEERING (DATA SCIENCE),1914,91,already in branch sheet,CSIT059,Computer Science And Engineering,
TG-EAPCET,COMPUTER SCIENCE AND ENGINEERING (IOT),COMPUTER SCIENCE AND ENGINEERING (IOT),176,8,already in branch sheet,CSIT071,Computer Science And Engineering,
TG-EAPCET,COMPUTER SCIENCE AND INFORMATION TECHNOLOGY,COMPUTER SCIENCE AND INFORMATION TECHNOLOGY,187,9,already in branch sheet,CSIT075,Computer Science And Engineering,
TG-EAPCET,ELECTRICAL AND ELECTRONICS ENGINEERING,ELECTRICAL AND ELECTRONICS ENGINEERING,2255,106,already in branch sheet,ELEC062,Electrical And Electronics Engineering,
TG-EAPCET,ELECTRONICS AND COMPUTER ENGINEERING,ELECTRONICS AND COMPUTER ENGINEERING,22,1,already in branch sheet,ELEC057,Electronics And Communications Engineering,
TG-EAPCET,FOOD TECHNOLOGY,FOOD TECHNOLOGY,44,2,already in branch sheet,FOODENG005,Food Engineering,
TG-EAPCET,INFORMATION TECHNOLOGY,INFORMATION TECHNOLOGY,869,43,already in branch sheet,CSIT012,Information Technology,
TG-EAPCET,MECHANICAL ENGINEERING,MECHANICAL ENGINEERING,1760,80,already in branch sheet,MECHENG018,Mechanical Engineering ,
TG-EAPCET,MINING ENGINEERING,MINING ENGINEERING,154,6,already in branch sheet,MININGENG005,Mining Engineering,
TG-EAPCET,PHARMACEUTICAL ENGINEERING,PHARMACEUTICAL ENGINEERING,44,2,already in branch sheet,PHARMAENG,Pharmaceutical Engineering,
TNEA,AERONAUTICAL ENGINEERING,AERONAUTICAL ENGINEERING,140,36,already in branch sheet,AERO007,Aerospace Engineering,
TNEA,AEROSPACE ENGINEERING,AEROSPACE ENGINEERING,19,4,already in branch sheet,AERO,Aerospace Engineering,
TNEA,AGRICULTURAL ENGINEERING,AGRICULTURAL ENGINEERING,171,56,already in branch sheet,AGRIENG004,Agricultural Engineering,
TNEA,ARTIFICIAL INTELLIGENCE AND DATA SCIENCE (SS),ARTIFICIAL INTELLIGENCE AND DATA SCIENCE,13,2,already in branch sheet,AIML022,Artificial Intelligence,
TNEA,AUTOMOBILE ENGINEERING,AUTOMOBILE ENGINEERING,82,22,already in branch sheet,AUTOENG003,Automobile Engineering,
TNEA,AUTOMOBILE ENGINEERING (SS),AUTOMOBILE ENGINEERING,7,1,already in branch sheet,AUTOENG003,Automobile Engineering,
TNEA,Artificial Intelligence and Data Science,Artificial Intelligence and Data Science,1648,331,already in branch sheet,AIML022,Artificial Intelligence,
TNEA,Artificial Intelligence and Machine Learning,Artificial Intelligence and Machine Learning,78,13,already in branch sheet,AIML023,Artificial Intelligence,
TNEA,BIO MEDICAL ENGINEERING (SS),BIO MEDICAL ENGINEERING,13,2,already in branch sheet,BIOMEDENG005,Biomedical Engineering,
TNEA,BIO MEDICAL ENGINEERING,BIO MEDICAL ENGINEERING,422,103,already in branch sheet,BIOMEDENG005,Biomedical Engineering,
TNEA,BIO TECHNOLOGY (SS),BIO TECHNOLOGY,7,1,already in branch sheet,BIOTECH006,Biotechnology,
TNEA,BIO TECHNOLOGY,BIO TECHNOLOGY,203,42,already in branch sheet,BIOTECH006,Biotechnology,
TNEA,CHEMICAL ENGINEERING,CHEMICAL ENGINEERING,121,27,already in branch sheet,CHEMENG009,Chemical Engineering,
TNEA,CHEMICAL ENGINEERING (SS),CHEMICAL ENGINEERING,12,2,already in branch sheet,CHEMENG009,Chemical Engineering,
TNEA,CIVIL ENGINEERING,CIVIL ENGINEERING,815,223,already in branch sheet,CIVILENG014,Civil Engineering,
TNEA,CIVIL ENGINEERING (SS),CIVIL ENGINEERING,16,3,already in branch sheet,CIVILENG014,Civil Engineering,
TNEA,COMPUTER SCIENCE AND DESIGN,COMPUTER SCIENCE AND DESIGN,55,11,already in branch sheet,CSIT061,Computer Science And Engineering,
TNEA,COMPUTER SCIENCE AND ENGINEERING (SS),COMPUTER SCIENCE AND ENGINEERING,34,5,already in branch sheet,CSIT057,Computer Science And Engineering,
TNEA,COMPUTER SCIENCE AND ENGINEERING,COMPUTER SCIENCE AND ENGINEERING,2080,405,already in branch sheet,CSIT057,Computer Science And Engineering,
TNEA,COMPUTER SCIENCE AND ENGINEERING (DATA SCIENCE),COMPUTER SCIENCE AND ENGINEERING (DATA SCIENCE),32,6,already in branch sheet,CSIT059,Computer Science And Engineering,
TNEA,Computer Science and Technology,Computer Science and Technology,6,1,already in branch sheet,CSIT063,Computer Science And Engineering,
TNEA,Cyber Security,Cyber Security,18,3,already in branch sheet,CYBERSEC,Cyber Security,
TNEA,ELECTRICAL AND ELECTRONICS ENGINEERING,ELECTRICAL AND ELECTRONICS ENGINEERING,1272,326,already in branch sheet,ELEC062,Electrical And Electronics Engineering,
TNEA,ELECTRICAL AND ELECTRONICS ENGINEERING (SS),ELECTRICAL AND ELECTRONICS ENGINEERING,17,3,already in branch sheet,ELEC062,Electrical And Electronics Engineering,
TNEA,ENVIRONMENTAL ENGINEERING,ENVIRONMENTAL ENGINEERING,4,1,already in branch sheet,ENVENG,Environmental Engineering,
TNEA,Electrical and Computer Engineering,Electrical and Computer Engineering,26,5,already in branch sheet,CSIT068,Computer Science And Engineering,
TNEA,Electronics and Computer Engineering,Electronics and Computer Engineering,16,3,already in branch sheet,ELEC057,Electronics And Communications Engineering,
TNEA,FOOD TECHNOLOGY (SS),FOOD TECHNOLOGY,6,1,already in branch sheet,FOODENG005,Food Engineering,
TNEA,FOOD TECHNOLOGY,FOOD TECHNOLOGY,91,18,already in branch sheet,FOODENG005,Food Engineering,
TNEA,INDUSTRIAL ENGINEERING,INDUSTRIAL ENGINEERING,7,1,already in branch sheet,INDENG017,Industrial / Manufacturing / Production Engineering,
TNEA,INFORMATION TECHNOLOGY (SS),INFORMATION TECHNOLOGY,35,5,already in branch sheet,CSIT012,Information Technology,
TNEA,INFORMATION TECHNOLOGY,INFORMATION TECHNOLOGY,1450,292,already in branch sheet,CSIT012,Information Technology,
TNEA,INSTRUMENTATION AND CONTROL ENGINEERING (SS),INSTRUMENTATION AND CONTROL ENGINEERING,6,1,already in branch sheet,INSTRENG007,Instrumentation Engineering,
TNEA,INSTRUMENTATION AND CONTROL ENGINEERING,INSTRUMENTATION AND CONTROL ENGINEERING,20,5,already in branch sheet,INSTRENG007,Instrumentation Engineering,
TNEA,MANUFACTURING ENGINEERING,MANUFACTURING ENGINEERING,14,2,already in branch sheet,INDENG018,Industrial / Manufacturing / Production Engineering,
TNEA,MARINE ENGINEERING,MARINE ENGINEERING,2,2,already in branch sheet,MARINE004,Marine Engineering,
TNEA,MECHANICAL ENGINEERING,MECHANICAL ENGINEERING,1324,352,already in branch sheet,MECHENG018,Mechanical Engineering ,
TNEA,MECHANICAL ENGINEERING (SS),MECHANICAL ENGINEERING,19,3,already in branch sheet,MECHENG018,Mechanical Engineering ,
TNEA,MECHANICAL ENGINEERING (SANDWICH) (SS),MECHANICAL ENGINEERING (SANDWICH),6,1,already in branch sheet,MECHENG022,Mechanical Engineering ,
TNEA,MINING ENGINEERING,MINING ENGINEERING,6,1,already in branch sheet,MININGENG005,Mining Engineering,
TNEA,Mechatronics Engineering,Mechatronics Engineering,158,32,already in branch sheet,MECHENG020,Mechanical Engineering ,
TNEA,PETRO CHEMICAL TECHNOLOGY,PETRO CHEMICAL TECHNOLOGY,25,7,already in branch sheet,CHEMENG010,Chemical Engineering,
TNEA,PETROLEUM ENGINEERING,PETROLEUM ENGINEERING,15,4,already in branch sheet,PETROLENG,Petroleum Engineering,
TNEA,PLASTIC TECHNOLOGY,PLASTIC TECHNOLOGY,6,1,already in branch sheet,POLYMERTECH005,Polymer Technology,
TNEA,PRODUCTION ENGINEERING,PRODUCTION ENGINEERING,19,3,already in branch sheet,INDENG022,Industrial / Manufacturing / Production Engineering,
TNEA,PRODUCTION ENGINEERING (SS),PRODUCTION ENGINEERING,6,1,already in branch sheet,INDENG022,Industrial / Manufacturing / Production Engineering,
TNEA,ROBOTICS AND ARTIFICIAL INTELLIGENCE,ROBOTICS AND ARTIFICIAL INTELLIGENCE,5,2,already in branch sheet,AIML025,Artificial Intelligence,
TNEA,ROBOTICS AND AUTOMATION (SS),ROBOTICS AND AUTOMATION,12,2,already in branch sheet,ROBOENG006,Robotics Engineering,
TNEA,ROBOTICS AND AUTOMATION,ROBOTICS AND AUTOMATION,108,25,already in branch sheet,ROBOENG006,Robotics Engineering,
TNEA,Safety and Fire Engineering,Safety and Fire Engineering,14,3,already in branch sheet,SAFETYENG001,Safety Engineering,
TNEA,TEXTILE TECHNOLOGY,TEXTILE TECHNOLOGY,26,9,already in branch sheet,TEXTILE008,Textile Engineering,
TNEA,TEXTILE TECHNOLOGY (SS),TEXTILE TECHNOLOGY,6,1,already in branch sheet,TEXTILE008,Textile Engineering,
WBJEE,5G,5G,1,1,already in branch sheet,ELEC058,Electronics And Communications Engineering,
WBJEE,5G (TFW),5G,2,1,already in branch sheet,ELEC058,Electronics And Communications Engineering,
WBJEE,ARTIFICIAL INTELLIGENCE (AI) AND DATA SCIENCE,ARTIFICIAL INTELLIGENCE (AI) AND DATA SCIENCE,49,5,already in branch sheet,AIML021,Artificial Intelligence,
WBJEE,ARTIFICIAL INTELLIGENCE (AI) AND DATA SCIENCE - TFW,ARTIFICIAL INTELLIGENCE (AI) AND DATA SCIENCE,13,5,already in branch sheet,AIML021,Artificial Intelligence,
WBJEE,Agricultural Engineering,Agricultural Engineering,264,7,already in branch sheet,AGRIENG004,Agricultural Engineering,
WBJEE,Agricultural Engineering (TFW),Agricultural Engineering,43,7,already in branch sheet,AGRIENG004,Agricultural Engineering,
WBJEE,Architecture,Architecture,25,2,already in branch sheet,ARCH004,Architecture,
WBJEE,Architecture (TFW),Architecture,2,1,already in branch sheet,ARCH004,Architecture,
WBJEE,Artificial Intelligence And Data Science,Artificial Intelligence And Data Science,31,3,already in branch sheet,AIML022,Artificial Intelligence,
WBJEE,Artificial Intelligence And Data Science (TFW),Artificial Intelligence And Data Science,9,2,already in branch sheet,AIML022,Artificial Intelligence,
WBJEE,Artificial Intelligence And Machine Learning,Artificial Intelligence And Machine Learning,118,15,already in branch sheet,AIML023,Artificial Intelligence,
WBJEE,Artificial Intelligence And Machine Learning (TFW),Artificial Intelligence And Machine Learning,54,12,already in branch sheet,AIML023,Artificial Intelligence,
WBJEE,Automobile Engineering,Automobile Engineering,32,2,already in branch sheet,AUTOENG003,Automobile Engineering,
WBJEE,Automobile Engineering (TFW),Automobile Engineering,1,1,already in branch sheet,AUTOENG003,Automobile Engineering,
WBJEE,Biomedical Engineering,Biomedical Engineering,62,2,already in branch sheet,BIOMEDENG,Biomedical Engineering,
WBJEE,Biomedical Engineering (TFW),Biomedical Engineering,28,2,already in branch sheet,BIOMEDENG,Biomedical Engineering,
WBJEE,Biotechnology,Biotechnology,166,8,already in branch sheet,BIOTECH007,Biotechnology,
WBJEE,Biotechnology (TFW),Biotechnology,42,5,already in branch sheet,BIOTECH007,Biotechnology,
WBJEE,COMPUTER SCIENCE AND DESIGN,COMPUTER SCIENCE AND DESIGN,3,1,already in branch sheet,CSIT061,Computer Science And Engineering,
WBJEE,COMPUTER SCIENCE AND DESIGN - TFW,COMPUTER SCIENCE AND DESIGN,3,1,already in branch sheet,CSIT061,Computer Science And Engineering,
WBJEE,COMPUTER SCIENCE AND INFORMATION TECHNOLOGY,COMPUTER SCIENCE AND INFORMATION TECHNOLOGY,43,6,already in branch sheet,CSIT075,Computer Science And Engineering,
WBJEE,COMPUTER SCIENCE AND INFORMATION TECHNOLOGY-TFW,COMPUTER SCIENCE AND INFORMATION TECHNOLOGY,14,6,already in branch sheet,CSIT075,Computer Science And Engineering,
WBJEE,CYBER SECURITY,CYBER SECURITY,5,1,already in branch sheet,CYBERSEC,Cyber Security,
WBJEE,Chemical Engineering,Chemical Engineering,342,5,already in branch sheet,CHEMENG009,Chemical Engineering,
WBJEE,Chemical Engineering (TFW),Chemical Engineering,49,4,already in branch sheet,CHEMENG009,Chemical Engineering,
WBJEE,Civil And Environmental Engineering,Civil And Environmental Engineering,75,2,already in branch sheet,CIVILENG017,Civil Engineering,
WBJEE,Civil And Environmental Engineering (TFW),Civil And Environmental Engineering,3,1,already in branch sheet,CIVILENG017,Civil Engineering,
WBJEE,Civil Engineering,Civil Engineering,1135,64,already in branch sheet,CIVILENG014,Civil Engineering,
WBJEE,Civil Engineering (TFW),Civil Engineering,125,19,already in branch sheet,CIVILENG014,Civil Engineering,
WBJEE,Computer Science And Design,Computer Science And Design,12,1,already in branch sheet,CSIT061,Computer Science And Engineering,
WBJEE,Computer Science And Design - TFW,Computer Science And Design,8,1,already in branch sheet,CSIT061,Computer Science And Engineering,
WBJEE,Data Science,Data Science,21,4,already in branch sheet,AIML011,Data Science,
WBJEE,Data Science (TFW),Data Science,3,1,already in branch sheet,AIML011,Data Science,
WBJEE,Electrical Engineering,Electrical Engineering,1841,74,already in branch sheet,ELEC054,Electrical Engineering,
WBJEE,Electrical Engineering (TFW),Electrical Engineering,297,43,already in branch sheet,ELEC054,Electrical Engineering,
WBJEE,Food Engineering And Technology,Food Engineering And Technology,14,1,already in branch sheet,FOODENG006,Food Engineering,
WBJEE,Food Engineering And Technology - TFW,Food Engineering And Technology,2,1,already in branch sheet,FOODENG006,Food Engineering,
WBJEE,Food Technology,Food Technology,212,5,already in branch sheet,FOODENG005,Food Engineering,
WBJEE,Food Technology (TFW),Food Technology,29,4,already in branch sheet,FOODENG005,Food Engineering,
WBJEE,INDUSTRIAL ENGINEERING,INDUSTRIAL ENGINEERING,15,1,already in branch sheet,INDENG017,Industrial / Manufacturing / Production Engineering,
WBJEE,INDUSTRIAL ENGINEERING (TFW),INDUSTRIAL ENGINEERING,3,1,already in branch sheet,INDENG017,Industrial / Manufacturing / Production Engineering,
WBJEE,Information Technology,Information Technology,1675,45,already in branch sheet,CSIT012,Information Technology,
WBJEE,Information Technology (TFW),Information Technology,378,36,already in branch sheet,CSIT012,Information Technology,
WBJEE,Instrumentation Engineering,Instrumentation Engineering,69,1,already in branch sheet,INSTRENG003,Instrumentation Engineering,
WBJEE,Instrumentation Engineering (TFW),Instrumentation Engineering,9,1,already in branch sheet,INSTRENG003,Instrumentation Engineering,
WBJEE,Marine Engineering,Marine Engineering,4,1,already in branch sheet,MARINE004,Marine Engineering,
WBJEE,Mechanical Engineering,Mechanical Engineering,1315,61,already in branch sheet,MECHENG018,Mechanical Engineering ,
WBJEE,Mechanical Engineering (TFW),Mechanical Engineering,184,30,already in branch sheet,MECHENG018,Mechanical Engineering ,
WBJEE,Mechatronics Engineering,Mechatronics Engineering,2,1,already in branch sheet,MECHENG020,Mechanical Engineering ,
WBJEE,Mechatronics Engineering (TFW),Mechatronics Engineering,2,1,already in branch sheet,MECHENG020,Mechanical Engineering ,
WBJEE,Mining Engineering,Mining Engineering,75,1,already in branch sheet,MININGENG005,Mining Engineering,
WBJEE,PRINTING ENGINEERING,PRINTING ENGINEERING,53,1,already in branch sheet,PRINTENG,Printing Engineering,
WBJEE,PRINTING ENGINEERING-TFW,PRINTING ENGINEERING,7,1,already in branch sheet,PRINTENG,Printing Engineering,
WBJEE,Printing Technology,Printing Technology,14,1,already in branch sheet,PRINTENG002,Printing Engineering,
WBJEE,Printing Technology (TFW),Printing Technology,2,1,already in branch sheet,PRINTENG002,Printing Engineering,
WBJEE,Production Engineering,Production Engineering,106,1,already in branch sheet,INDENG022,Industrial / Manufacturing / Production Engineering,
WBJEE,Production Engineering (TFW),Production Engineering,12,1,already in branch sheet,INDENG022,Industrial / Manufacturing / Production Engineering,
WBJEE,Robotics,Robotics,3,1,already in branch sheet,ROBOENG008,Robotics Engineering,
WBJEE,Textile Technology,Textile Technology,159,2,already in branch sheet,TEXTILE008,Textile Engineering,
WBJEE,Textile Technology (TFW),Textile Technology,26,2,already in branch sheet,TEXTILE008,Textile Engineering,
JAC-Chandigarh,B.E. in Bio Technology,Biotechnology,37,1,same string mapped for another exam,BIOTECH,,branch_clean matches a string already mapped for another exam
JAC-Chandigarh,B.E. in Bio Technology - TFW,Biotechnology,3,1,same string mapped for another exam,BIOTECH,,branch_clean matches a string already mapped for another exam
JAC-Chandigarh,B.E. in Chemical Engineering,Chemical Engineering,43,1,same string mapped for another exam,CHEMENG,,branch_clean matches a string already mapped for another exam
JAC-Chandigarh,B.E. in Civil Engineering,Civil Engineering,41,1,same string mapped for another exam,CIVILENG,,branch_clean matches a string already mapped for another exam
JAC-Chandigarh,B.E. in Civil Engineering - TFW,Civil Engineering,1,1,same string mapped for another exam,CIVILENG,,branch_clean matches a string already mapped for another exam
JAC-Chandigarh,B.E. in Computer Science & Engineering,Computer Science & Engineering,141,3,same string mapped for another exam,CSIT,,branch_clean matches a string already mapped for another exam
JAC-Chandigarh,B.E. in Computer Science & Engineering - TFW,Computer Science & Engineering,9,3,same string mapped for another exam,CSIT,,branch_clean matches a string already mapped for another exam
JAC-Chandigarh,B.E. in Electrical & Electronics Engineering,Electrical & Electronics Engineering,44,1,same string mapped for another exam,ELEC,,branch_clean matches a string already mapped for another exam
JAC-Chandigarh,B.E. in Electrical & Electronics Engineering - TFW,Electrical & Electronics Engineering,5,1,same string mapped for another exam,ELEC,,branch_clean matches a string already mapped for another exam
JAC-Chandigarh,B.E. in Electronics & Communication Engineering,Electronics & Communication Engineering,129,3,same string mapped for another exam,ELEC,,branch_clean matches a string already mapped for another exam
JAC-Chandigarh,B.E. in Electronics & Communication Engineering - TFW,Electronics & Communication Engineering,14,3,same string mapped for another exam,ELEC,,branch_clean matches a string already mapped for another exam
JAC-Chandigarh,B.E. in Food Technology,Food Technology,32,1,same string mapped for another exam,FOODENG,,branch_clean matches a string already mapped for another exam
JAC-Chandigarh,B.E. in Information Technology,Information Technology,86,2,same string mapped for another exam,CSIT,,branch_clean matches a string already mapped for another exam
JAC-Chandigarh,B.E. in Information Technology - TFW,Information Technology,7,2,same string mapped for another exam,CSIT,,branch_clean matches a string already mapped for another exam
JAC-Chandigarh,B.E. in Mechanical Engineering,Mechanical Engineering,120,3,same string mapped for another exam,MECHENG,,branch_clean matches a string already mapped for another exam
JAC-Chandigarh,B.E. in Mechanical Engineering - TFW,Mechanical Engineering,10,3,same string mapped for another exam,MECHENG,,branch_clean matches a string already mapped for another exam
JAC-Chandigarh,Bachelor of Architecture,Architecture,22,1,same string mapped for another exam,ARCH,,branch_clean matches a string already mapped for another exam
JAC-Chandigarh,Integrated B.E. (Chemical Engineering) - MBA,Chemical Engineering,38,1,same string mapped for another exam,CHEMENG,,branch_clean matches a string already mapped for another exam
JAC-Chandigarh,Integrated B.E. (Chemical Engineering) - MBA - TFW,Chemical Engineering,5,1,same string mapped for another exam,CHEMENG,,branch_clean matches a string already mapped for another exam
AIIMS-Nursing,B.Sc. (Hons.) Nursing,BSc Nursing,188,18,same string mapped for another exam,NURSING,,branch_clean matches NEET's 'BSc Nursing'
ICAR-UG,B.F.Sc. Bachelor of Fisheries Sciences,B.F.Sc. Bachelor of Fisheries Sciences,762,22,taxonomy parent by name,FISH,,
ICAR-UG,B.Sc. (Hons.) Agribusiness Management,B.Sc. (Hons.) Agribusiness Management,83,4,already in branch sheet,AGRIBUSMGT001,,
ICAR-UG,B.Sc. (Hons.) Agriculture,B.Sc. (Hons.) Agriculture,3505,50,taxonomy parent by name,AGRI,,
ICAR-UG,B.Sc. (Hons.) Community Science,B.Sc. (Hons.) Community Science,687,18,already in branch sheet,COMMUNITYSCI001,,
ICAR-UG,B.Sc. (Hons.) Food Nutrition and Dietetics,B.Sc. (Hons.) Food Nutrition and Dietetics,246,8,already in branch sheet,NUTRITION001,,
ICAR-UG,B.Sc. (Hons.) Forestry,B.Sc. (Hons.) Forestry,713,20,taxonomy parent by name,FOREST,,
ICAR-UG,B.Sc. (Hons.) Horticulture,B.Sc. (Hons.) Horticulture,1548,30,taxonomy parent by name,HORTI,,
ICAR-UG,B.Sc. (Hons.) Nutural Farming,B.Sc. (Hons.) Natural Farming,125,4,taxonomy parent by name,AGRI,,
ICAR-UG,B.Sc. (Hons.) Sericulture,B.Sc. (Hons.) Sericulture,89,3,taxonomy parent by name,SERI,,
ICAR-UG,B.Tech. Agricultural Engineering,B.Tech. Agricultural Engineering,956,27,same string mapped for another exam,AGRIENG,,
ICAR-UG,B.Tech. Bio-Technology,B.Tech. Bio-Technology,484,13,same string mapped for another exam,BIOTECH,,
ICAR-UG,B.Tech. Dairy Technology,B.Tech. Dairy Technology,557,18,same string mapped for another exam,DAIRYENG,,
ICAR-UG,B.Tech. Food Technology,B.Tech. Food Technology,741,20,same string mapped for another exam,FOODENG,,
UPTAC,Aeronautical Engineering,Aeronautical Engineering,19,1,same string mapped for another exam,AERO,,
UPTAC,Agricultural Engineering,Agricultural Engineering,198,13,same string mapped for another exam,AGRIENG,,
UPTAC,Artificial Intelligence,Artificial Intelligence,73,3,same string mapped for another exam,AIML,,
UPTAC,Artificial Intelligence (AI) And Data Science,Artificial Intelligence (AI) And Data Science,278,12,same string mapped for another exam,AIML,,
UPTAC,Artificial Intelligence And Machine Learning,Artificial Intelligence And Machine Learning,438,18,same string mapped for another exam,AIML,,
UPTAC,Automation and Robotics,Automation and Robotics,20,2,same string mapped for another exam,ROBOENG,,
UPTAC,Automobile Engineering,Automobile Engineering,28,2,same string mapped for another exam,AUTOENG,,
UPTAC,Bio Medical Engineering,Bio Medical Engineering,17,1,same string mapped for another exam,BIOMEDENG,,
UPTAC,Bioinformatics,Bioinformatics,14,1,same string mapped for another exam,BIOTECH,,
UPTAC,Biotechnology,Biotechnology,502,25,same string mapped for another exam,BIOTECH,,
UPTAC,CYBER SECURITY,CYBER SECURITY,19,1,same string mapped for another exam,CYBERSEC,,
UPTAC,Carpet & Textile Technology,Carpet & Textile Technology,28,1,already in branch sheet,TEXTILE002,,
UPTAC,Chemical Engineering,Chemical Engineering,230,8,same string mapped for another exam,CHEMENG,,
UPTAC,Civil Engineering,Civil Engineering,2325,131,same string mapped for another exam,CIVILENG,,
UPTAC,Civil Engineering(Integrated M.Tech ),Civil Engineering(Integrated M.Tech ),11,1,same string mapped for another exam,CIVILENG,,
UPTAC,Computer Science,Computer Science,374,14,same string mapped for another exam,CSIT,,
UPTAC,Computer Science & Engineering (Artificial Intelligence & Data Science),Computer Science & Engineering (Artificial Intelligence & Data Science),86,3,same string mapped for another exam,CSIT,,
UPTAC,Computer Science & Engineering (Artificial Intelligence & Finance Management),Computer Science & Engineering (Artificial Intelligence & Finance Management),29,1,same string mapped for another exam,CSIT,,
UPTAC,Computer Science & Technology,Computer Science & Technology,20,1,same string mapped for another exam,CSIT,,
UPTAC,Computer Science (Data Science),Computer Science (Data Science),16,1,same string mapped for another exam,CSIT,,
UPTAC,Computer Science (Hindi),Computer Science (Hindi),59,2,same string mapped for another exam,CSIT,,
UPTAC,Computer Science And Design,Computer Science And Design,23,1,same string mapped for another exam,CSIT,,
UPTAC,Computer Science And Engineering(AIML),Computer Science And Engineering(AIML),41,1,same string mapped for another exam,AIML,,
UPTAC,Computer Science Information Technology,Computer Science Information Technology,140,5,same string mapped for another exam,CSIT,,
UPTAC,Computer Science and Business System,Computer Science and Business System,39,1,same string mapped for another exam,CSIT,,
UPTAC,Computer Science and Engineering,Computer Science and Engineering,5468,195,same string mapped for another exam,CSIT,,
UPTAC,Computer Science and Engineering (Artificial Intelligence & Machine Learning),Computer Science and Engineering (Artificial Intelligence & Machine Learning),2580,94,same string mapped for another exam,AIML,,
UPTAC,Computer Science and Engineering (Artificial Intelligence),Computer Science and Engineering (Artificial Intelligence),979,35,same string mapped for another exam,AIML,,
UPTAC,Computer Science and Engineering (Cyber Security),Computer Science and Engineering (Cyber Security),293,13,same string mapped for another exam,CYBERSEC,,
UPTAC,Computer Science and Engineering (Data Science),Computer Science and Engineering (Data Science),1309,58,same string mapped for another exam,CSIT,,
UPTAC,Computer Science and Engineering (Hindi),Computer Science and Engineering (Hindi),37,1,same string mapped for another exam,CSIT,,
UPTAC,Computer Science and Engineering (Internet of Things),Computer Science and Engineering (Internet of Things),79,3,same string mapped for another exam,CSIT,,
UPTAC,Computer Science and Engineering(Integrated M.Tech),Computer Science and Engineering(Integrated M.Tech),22,1,same string mapped for another exam,CSIT,,
UPTAC,DATA SCIENCE,DATA SCIENCE,58,3,same string mapped for another exam,AIML,,
UPTAC,Electrical & Computer Engg.,Electrical & Computer Engg.,98,4,already in branch sheet,CSIT068,,
UPTAC,Electrical & Electronics Engineering,Electrical & Electronics Engineering,719,46,same string mapped for another exam,ELEC,,
UPTAC,Electrical Engineering,Electrical Engineering,1810,87,same string mapped for another exam,ELEC,,
UPTAC,Electrical Engineering(Integrated M.Tech),Electrical Engineering(Integrated M.Tech),11,1,same string mapped for another exam,ELEC,,
UPTAC,Electronic And Computer Engineering,Electronic And Computer Engineering,50,3,already in branch sheet,ELEC057,,
UPTAC,Electronics & Instrumentation Engineering,Electronics & Instrumentation Engineering,52,2,same string mapped for another exam,ELEC,,
UPTAC,Electronics Engineering,Electronics Engineering,349,11,same string mapped for another exam,ELEC,,
UPTAC,Electronics Engineering (VLSI Design and Technology),Electronics Engineering (VLSI Design and Technology),188,8,same string mapped for another exam,ELEC,,
UPTAC,Electronics and Communication (Advanced Communication Technology),Electronics and Communication (Advanced Communication Technology),53,2,same string mapped for another exam,ELEC,,
UPTAC,Electronics and Communication Engineering,Electronics and Communication Engineering,2521,133,same string mapped for another exam,ELEC,,
UPTAC,Electronics and Communication Engineering (VLSI Design and Technology),Electronics and Communication Engineering (VLSI Design and Technology),17,1,same string mapped for another exam,ELEC,,
UPTAC,Electronics and Communication Engineering(Integrated M.Tech),Electronics and Communication Engineering(Integrated M.Tech),14,1,same string mapped for another exam,ELEC,,
UPTAC,Electronics and Telecommunication Engineering,Electronics and Telecommunication Engineering,12,1,same string mapped for another exam,ELEC,,
UPTAC,Environmental Engineering,Environmental Engineering,16,1,same string mapped for another exam,ENVENG,,
UPTAC,Food Engineering & Technology,Food Engineering & Technology,70,4,same string mapped for another exam,FOODENG,,
UPTAC,Food Technology,Food Technology,32,2,same string mapped for another exam,FOODENG,,
UPTAC,Handloom & Textile Technology,Handloom & Textile Technology,25,1,same string mapped for another exam,TEXTILE,,
UPTAC,Industrial Production Engineering,Industrial Production Engineering,19,1,same string mapped for another exam,INDENG,,
UPTAC,Information Technology,Information Technology,1661,69,same string mapped for another exam,CSIT,,
UPTAC,Information Technology(Integrated M.Tech),Information Technology(Integrated M.Tech),12,1,same string mapped for another exam,CSIT,,
UPTAC,Instrumentation and Control Engineering,Instrumentation and Control Engineering,24,1,same string mapped for another exam,INSTRENG,,
UPTAC,M.Tech (Integrated) Computer Science and Engineering,M.Tech (Integrated) Computer Science and Engineering,27,1,taxonomy parent by name,CSIT,,
UPTAC,Man Made Fibre Technology,Man Made Fibre Technology,21,1,"nearest parent, needs review",TEXTILE,,
UPTAC,Manufacturing Technology,Manufacturing Technology,28,1,taxonomy parent by name,INDENG,,
UPTAC,Mechanical Engineering,Mechanical Engineering,2954,162,same string mapped for another exam,MECHENG,,
UPTAC,Mechanical Engineering(Integrated M.Tech),Mechanical Engineering(Integrated M.Tech),14,1,same string mapped for another exam,MECHENG,,
UPTAC,Mechanical and Mechatronics Engineering(Additive Manufacturing),Mechanical and Mechatronics Engineering(Additive Manufacturing),39,1,same string mapped for another exam,MECHENG,,
UPTAC,Mining Engineering,Mining Engineering,25,1,same string mapped for another exam,MININGENG,,
UPTAC,Plastic Engineering,Plastic Engineering,28,1,same string mapped for another exam,CHEMENG,,
UPTAC,Production Engineering,Production Engineering,15,1,same string mapped for another exam,INDENG,,
UPTAC,Robotics And Automation,Robotics And Automation,34,2,same string mapped for another exam,ROBOENG,,
UPTAC,Textile Chemistry,Textile Chemistry,24,1,same string mapped for another exam,TEXTILE,,
UPTAC,Textile Engineering,Textile Engineering,18,1,same string mapped for another exam,TEXTILE,,
UPTAC,Textile Technology,Textile Technology,49,2,same string mapped for another exam,TEXTILE,,
